method,feature_1,feature_2,correlation,abs_correlation
spearman,rdata_PointerToRelocations,rdata_PointerToLineNumbers,1.0,1.0
spearman,registry_read,registry_total,0.9942630410721826,0.9942630410721826
spearman,bytes_on_last_page,pages_in_file,0.9700934384522273,0.9700934384522273
spearman,min_extra_paragraphs,over_lay_number,0.9609844873627514,0.9609844873627514
spearman,text_VirtualSize,text_SizeOfRawData,0.9270671049328958,0.9270671049328958
spearman,rdata_VirtualSize,rdata_SizeOfRawData,0.8981262303645894,0.8981262303645894
spearman,rdata_VirtualAddress,rdata_PointerToRawData,0.8871540541972338,0.8871540541972338
spearman,SizeOfCode,text_VirtualSize,0.8839336379320243,0.8839336379320243
spearman,init_ip_value,init_cs_value,0.8654052904115945,0.8654052904115945
spearman,dlls_calls,apis,0.8534620605804575,0.8534620605804575
spearman,BaseOfCode,SectionAlignment,0.835907855654924,0.835907855654924
spearman,SectionAlignment,text_VirtualAddress,0.8354133179425814,0.8354133179425814
spearman,SizeOfCode,text_SizeOfRawData,0.8241123555388669,0.8241123555388669
