feature,count,missing,mean,std,min,q1,median,q3,max,skewness,kurtosis
EntryPoint,13886,0,1837905.6700993807,44111593.42589709,0.0,13477.0,54989.5,535233.5,3422617582.0,57.006483288496284,3601.866742189162
bytes_on_last_page,13886,0,298.28316289788273,2380.227956701352,0.0,144.0,144.0,144.0,65167.0,18.994296269003648,412.13687809012305
pages_in_file,13886,0,182.73023188823277,2621.438943196945,0.0,3.0,3.0,3.0,62922.0,17.40875135809246,332.31314361795376
relocations,13886,0,130.83112487397378,2215.225662279325,0.0,0.0,0.0,0.0,61843.0,19.403388238712257,412.5478487597147
size_of_header,13886,0,145.73793749099812,2460.165946772191,0.0,4.0,4.0,4.0,64750.0,20.180437388872786,439.34296028521874
min_extra_paragraphs,13886,0,165.80469537663834,2711.5097566243267,0.0,0.0,0.0,0.0,63971.0,18.55986142640807,366.7483989157912
max_extra_paragraphs,13886,0,63785.18925536511,10370.406741585883,0.0,65535.0,65535.0,65535.0,65535.0,-5.855585318915018,32.57284635306935
init_ss_value,13886,0,114.65569638484804,1925.711719336764,0.0,0.0,0.0,0.0,57995.0,18.517109669118874,367.05497345164065
init_sp_value,13886,0,309.25313265159156,2228.823831846237,0.0,184.0,184.0,184.0,61543.0,20.156936396014206,438.23411095441463
init_ip_value,13886,0,158.4603917614864,2596.6338958136557,0.0,0.0,0.0,0.0,61326.0,18.34577675907695,354.414826647515
init_cs_value,13886,0,145.0791444620481,2460.13403460148,0.0,0.0,0.0,0.0,64890.0,19.7310146176266,421.42266219116095
over_lay_number,13886,0,167.59722022180614,2823.5282441220406,0.0,0.0,0.0,0.0,65414.0,19.00991424724646,382.01629200588366
oem_identifier,13886,0,378.896010370157,4021.9883812417065,0.0,0.0,0.0,0.0,63327.0,11.184046135768565,126.60203635665397
address_of_ne_header,13886,0,192.83969465648855,74.94188321347862,0.0,128.0,216.0,248.0,2304.0,4.447202566257208,117.12491744590882
SizeOfCode,13886,0,1128272.4498055596,40532695.830777794,0.0,33792.0,116736.0,558848.0,4294967295.0,92.9404705001647,9365.899647207414
SizeOfInitializedData,13886,0,2702431.8323491286,66290448.85149195,0.0,12288.0,93184.0,311168.0,4294967214.0,60.72197710583047,3851.552569601947
SizeOfUninitializedData,13886,0,802220.3358778626,47841189.67535188,0.0,0.0,0.0,0.0,4294967295.0,81.8044221333704,6866.191303647781
AddressOfEntryPoint,13886,0,1713492.1986173124,41220038.17851307,0.0,13096.0,51465.0,484396.0,3422617582.0,63.21570049152186,4427.560151715955
BaseOfCode,13886,0,326011.56157280714,11629917.098053608,0.0,4096.0,4096.0,8192.0,1073745920.0,72.82736403833735,5981.778388085237
BaseOfData,13886,0,1210622.3963704451,39279681.91600767,0.0,32768.0,106496.0,512000.0,4294967295.0,96.98984797344526,10351.464715735017
ImageBase,13886,0,51017296397.34754,2669416532936.732,0.0,4194304.0,4194304.0,4194304.0,140698423197696.0,52.676349670035144,2773.1979098028473
SectionAlignment,13886,0,5153.106150079217,2141.294917177164,0.0,4096.0,4096.0,8192.0,65536.0,5.287725246051053,135.44111551790863
FileAlignment,13886,0,825.625810168515,1029.9670949189328,0.0,512.0,512.0,512.0,8192.0,2.8564517383818107,6.299654502048128
OperatingSystemVersion,13671,215,4.500816326530613,1.0195520442185484,0.0,4.0,4.0,5.1,9.3,-1.4141740787519836,5.816409739141511
ImageVersion,13616,270,101.78504480023503,11740.9996367393,0.0,0.0,0.0,0.0,1370000.0,116.67987303811829,13614.789731517092
SizeOfImage,13886,0,3081498.7781938645,14275082.727594888,0.0,143360.0,491520.0,1380352.0,761491456.0,27.287046991444107,1138.697239143749
SizeOfHeaders,13886,0,1317.671899755149,1316.802251469853,0.0,512.0,1024.0,1024.0,65536.0,11.121788374665634,446.40894720987046
Checksum,13886,0,5724769.55365116,117055509.15696071,0.0,0.0,0.0,350769.75,4294967295.0,30.26744730826721,1013.1734152996335
SizeofStackReserve,13886,0,1195785.4465648856,1402547.9804267308,0.0,1048576.0,1048576.0,1048576.0,83886080.0,23.64850409246654,1015.465891506728
SizeofStackCommit,13886,0,11973.621633299726,319748.56390501506,0.0,4096.0,4096.0,4096.0,16777216.0,51.95405006762905,2719.997391511174
SizeofHeapCommit,13886,0,4147.366844303615,8501.373196105833,0.0,4096.0,4096.0,4096.0,1000000.0,115.80678995220441,13563.633131353818
SizeofHeapReserve,13886,0,1061797.375774161,356378.2223528922,0.0,1048576.0,1048576.0,1048576.0,8388608.0,7.130376657086934,80.14022965535511
LoaderFlags,13886,0,232899.47767535647,19333464.015247688,0.0,0.0,0.0,0.0,1611005830.0,83.31450363300439,6940.370363853414
text_VirtualSize,13886,0,603230.4911421576,1668413.4401688331,0.0,33896.0,113735.5,551965.0,43651072.0,8.590685364545807,125.34074089040092
text_VirtualAddress,13886,0,50477.6010370157,1069481.028585197,0.0,4096.0,4096.0,8192.0,49848320.0,38.333562923674364,1582.754246145698
text_SizeOfRawData,13886,0,565869.3674924384,1548690.840732314,0.0,29184.0,104448.0,507776.0,37371904.0,7.436436211168019,82.59446240165973
text_PointerToRawData,13886,0,9312.1889673052,171669.75900907052,0.0,512.0,1024.0,1024.0,9964544.0,40.77498725270724,2020.6519201796016
text_PointerToRelocations,13886,0,1467059.179317298,36660356.030676655,0.0,0.0,0.0,0.0,1750839340.0,26.96617696249142,809.8306814659768
text_PointerToLineNumbers,13886,0,475746.5540112343,29357970.282600917,0.0,0.0,0.0,0.0,1965575378.0,65.44741171795387,4349.310624412784
rdata_VirtualSize,13886,0,211170.9351865188,1112950.9420415496,0.0,5006.0,18080.0,62945.75,43790336.0,19.12711451137874,553.7327435178535
rdata_VirtualAddress,13886,0,576589.8176580729,6618949.337928192,0.0,32768.0,98304.0,360448.0,761286656.0,109.41858303859513,12567.928620671299
rdata_SizeOfRawData,13886,0,189603.15267175573,950439.1147492668,0.0,4608.0,15360.0,56832.0,32108544.0,15.988855814511911,390.97749422302905
rdata_PointerToRawData,13886,0,453278.01353881607,1353204.8244517318,0.0,27648.0,75264.0,299392.0,19571712.0,7.604391542490383,77.49509571493819
rdata_PointerToRelocations,13886,0,412394.1163041913,35370969.11773525,0.0,0.0,0.0,0.0,3562371679.0,90.04857195420605,8415.778369431064
rdata_PointerToLineNumbers,13886,0,222144.21698113208,25471995.889065925,0.0,0.0,0.0,0.0,3000413899.0,117.70213279777684,13864.117001012964
registry_read,13886,0,1732.2420423448077,14716.20154097878,0.0,16.0,136.0,885.75,934484.0,37.510625748075284,1810.4459786509158
registry_write,13886,0,23.673844159585194,274.1222978855784,0.0,0.0,0.0,4.0,14101.0,38.310923897883114,1699.4196102539004
registry_delete,13886,0,2.5222526285467377,111.54067440667869,0.0,0.0,0.0,0.0,12609.0,105.04852788142638,11770.77296652063
registry_total,13886,0,1820.3301166642661,14833.587324077273,0.0,17.0,142.0,965.0,934484.0,37.05065325557446,1773.6213615987185
network_threats,13886,0,0.0,0.0,0.0,0.0,0.0,0.0,0.0,0.0,0.0
network_dns,13886,0,4.205026645542273,33.37577895348513,0.0,0.0,0.0,1.0,922.0,15.884401100981083,279.013660818383
network_http,13886,0,1.7991502232464354,20.95461912456471,0.0,0.0,0.0,0.0,1442.0,44.69909964941256,2572.151853323834
network_connections,13886,0,13.093619472850353,204.99582617718676,0.0,0.0,2.0,4.0,16407.0,53.33262252127381,3679.8659866151665
processes_malicious,13886,0,1.820754716981132,19.565438906480214,0.0,0.0,0.0,2.0,1350.0,53.24513042903012,3152.6214957610287
processes_suspicious,13886,0,0.266959527581737,3.4891609625571385,0.0,0.0,0.0,0.0,229.0,47.43961116039999,2611.724644477685
processes_monitored,13886,0,6.854313697249028,47.12685802517644,0.0,1.0,2.0,4.0,3247.0,38.88396897511586,2077.479073841286
total_procsses,13886,0,40.21013970905948,55.73532210191335,0.0,34.0,36.0,40.0,3295.0,28.491724920227156,1218.4911279831742
files_malicious,13886,0,6.1272504680973645,36.776558334820756,0.0,0.0,0.0,1.0,975.0,13.51040409978865,250.16296678239607
files_suspicious,13886,0,145.23340054731383,1094.460711136319,0.0,0.0,0.0,1.0,28458.0,14.591540286777269,254.25111333978836
files_text,13886,0,24.808944260406165,161.3051530608057,0.0,0.0,0.0,1.0,5995.0,13.42341840805751,267.1128846266922
files_unknown,13886,0,15.569494454846607,161.22584611684624,0.0,0.0,0.0,0.0,5919.0,22.661903862269096,613.3068271305623
dlls_calls,13886,0,4.634812040904508,5.694573678626477,0.0,1.0,2.0,7.0,134.0,3.172800923322235,30.527160392141045
apis,13886,0,93.05257093475443,165.3326189045475,0.0,1.0,27.0,131.0,3575.0,6.733009904634623,93.20373980917626
