feature,PC1_loading,PC2_loading
EntryPoint,-0.0005757654753619563,-0.009494529734561783
bytes_on_last_page,0.27766547991002016,0.0026772364570787945
pages_in_file,0.30018991549745666,0.0013184587582876772
relocations,0.31704858363282834,0.0062869650619721
size_of_header,0.3089015789142793,0.004430864533152543
min_extra_paragraphs,0.3293061630662891,0.006518561597324418
max_extra_paragraphs,-0.09027942911078045,0.016083637059104372
init_ss_value,0.32172814837115066,0.007017162458898274
init_sp_value,0.30130940579545923,0.0022084341491743764
init_ip_value,0.3154327269421016,0.001291707418352106
init_cs_value,0.3308792581934008,0.001915174921227683
over_lay_number,0.3000601303733303,0.0003844733687908275
oem_identifier,0.16011277904353918,-0.007058702370371808
address_of_ne_header,0.01688984291832491,0.01999377744629336
SizeOfCode,0.007616315007222496,0.004917221732906287
SizeOfInitializedData,0.0043619370765477705,-1.3162968373414083e-05
SizeOfUninitializedData,-0.0005441601470013925,0.0005413283111516224
AddressOfEntryPoint,-0.0005956189053924314,-0.009523215585632608
BaseOfCode,-0.000515895004608364,-0.00142653854350316
BaseOfData,0.0005623238705550355,0.006015326843287906
ImageBase,-0.000750339383170181,-0.0046287884682436825
SectionAlignment,-0.016920125238774928,-0.03011718164930902
FileAlignment,-0.004464506609266188,-0.008832818682285802
OperatingSystemVersion,-0.0026936135051494514,0.01062593373182143
ImageVersion,-0.0002990194634074699,-0.00113626957183529
SizeOfImage,-0.0003535202128720886,-0.01459659707326937
SizeOfHeaders,0.0040679208897255745,-0.008565069034623191
Checksum,-0.0012983685790207674,-0.004356671674148663
SizeofStackReserve,-0.002417686952643527,-0.020162210707137296
SizeofStackCommit,-0.0008632107376278106,0.0024510964468485745
SizeofHeapCommit,-0.0009629473987867819,-0.0028165654626166026
SizeofHeapReserve,-0.005515045980784018,0.008659030064093602
LoaderFlags,0.0017586956814595357,-0.012008437591723277
text_VirtualSize,0.0069572575559132335,-0.0667817200121617
text_VirtualAddress,-0.0010537126740231342,-0.0017791304773687002
text_SizeOfRawData,0.007526846690005216,-0.06518298064217933
text_PointerToRawData,-0.0011955840654627285,-0.007339229468370772
text_PointerToRelocations,-0.00047924798523079747,-0.0031303590491104714
text_PointerToLineNumbers,0.0038766095316975667,-0.0008899703900307921
rdata_VirtualSize,0.0023180085626157837,-0.038111658787382326
rdata_VirtualAddress,0.004608811673201638,-0.026377047238758933
rdata_SizeOfRawData,0.001983047003197763,-0.034712337628031685
rdata_PointerToRawData,0.009984883203432805,-0.06232889314953771
rdata_PointerToRelocations,-0.0002968917058637447,-0.00042250738661152385
rdata_PointerToLineNumbers,-0.00025039606578822725,-0.00016935087076448387
registry_read,-0.0025942942228492794,0.3572441055624337
registry_write,-0.0027931768741706556,0.1696255022124316
registry_delete,-0.0007768062192267922,0.021513305684674067
registry_total,-0.0027299703620738934,0.3599595432819884
network_threats,-0.0,0.0
network_dns,0.010359827052474228,0.12957924674538956
network_http,-0.002340445790280432,0.08528454763540623
network_connections,-0.0010817376130021197,0.03289002051699938
processes_malicious,-0.003090702680999393,0.34967642674869465
processes_suspicious,-0.0031321914738816677,0.31519819017170553
processes_monitored,-0.003131455910071447,0.4531946311981
total_procsses,-0.0016586620481295888,0.44417453736138784
files_malicious,-0.005632495286078908,0.1317076173207163
files_suspicious,-0.003942100707732557,0.10597298171231002
files_text,-0.0014231313719455735,0.09873794491942753
files_unknown,-0.0038436367659268264,0.08083110952349733
dlls_calls,-0.006725707866046645,0.0076839282516478315
apis,-0.0062559062101142805,-0.0017287052766254238
