,EntryPoint,bytes_on_last_page,pages_in_file,relocations,size_of_header,min_extra_paragraphs,max_extra_paragraphs,init_ss_value,init_sp_value,init_ip_value,init_cs_value,over_lay_number,oem_identifier,address_of_ne_header,SizeOfCode,SizeOfInitializedData,SizeOfUninitializedData,AddressOfEntryPoint,BaseOfCode,BaseOfData,ImageBase,SectionAlignment,FileAlignment,OperatingSystemVersion,ImageVersion,SizeOfImage,SizeOfHeaders,Checksum,SizeofStackReserve,SizeofStackCommit,SizeofHeapCommit,SizeofHeapReserve,LoaderFlags,text_VirtualSize,text_VirtualAddress,text_SizeOfRawData,text_PointerToRawData,text_PointerToRelocations,text_PointerToLineNumbers,rdata_VirtualSize,rdata_VirtualAddress,rdata_SizeOfRawData,rdata_PointerToRawData,rdata_PointerToRelocations,rdata_PointerToLineNumbers,registry_read,registry_write,registry_delete,registry_total,network_threats,network_dns,network_http,network_connections,processes_malicious,processes_suspicious,processes_monitored,total_procsses,files_malicious,files_suspicious,files_text,files_unknown,dlls_calls,apis
EntryPoint,1.0,-0.12845147282036365,-0.12662518525748465,0.08346534519189358,-0.12085911963089066,0.07813244615068249,-0.12967092777593256,0.018516188460268687,-0.13044604039242663,-0.001729330370529666,0.011659559612798456,0.08648684192093353,0.028026772688544716,-0.06138126097669996,0.484881996023543,-0.008334328853673757,-0.08008692925670755,0.7915024305854292,0.2670877196853649,0.37672045321231806,-0.03880506694214046,0.19773452301686753,-0.14582624049251613,0.0011246960991662543,-0.23514335436269013,0.3509082210145878,-0.17010131773435586,-0.09960342495452146,-0.0838068802070794,-0.02248846851915025,-0.11621018511771383,-0.02305498490537445,-0.02449895931348218,0.4545946957179362,0.18833184382972462,0.3804077030327438,-0.30728290810080205,-0.026790962058151072,-0.020043480070887,0.1161554731292598,0.23600219518539106,0.04357094449327844,0.16006308887493248,-0.0073584280787296905,-0.0073584280787296905,-0.005269490978172374,0.010065943116868007,0.004227979716294007,-0.012084944905122623,,0.06034622120421999,0.0021066012966766572,0.0898488937807214,-0.025882446254411044,-0.030433304728738373,-0.03134512241544525,-0.07264891312498267,-0.10069619781702317,-0.12236909394529641,-0.06679798121107784,-0.08335363300453616,-0.02696984250950502,-0.16489245916330514
bytes_on_last_page,-0.12845147282036365,1.0,0.9700934384522273,0.1697860226942556,0.4936364514303375,-0.6175545399802256,0.3978281189854359,0.1372704074718722,0.42566937044573316,0.07491588788107849,0.1605813718414407,-0.6166530435879657,-0.10507932944717073,0.011437533777887835,0.04059525066580309,0.060548681015145024,0.007115144562847974,0.017322562795534416,0.17545100914311818,0.039906619070789545,0.20824705076856342,0.23095485220181394,0.2544680752681105,0.19609491823721373,0.038488474912538505,0.06153440857260462,0.08636371012432681,0.05557052142431327,0.2258834947546511,-0.2914735645726246,0.36128958893200636,0.3651098955082111,0.004773619714017228,0.05202680596805812,0.1480744131834513,0.06004270364635427,0.10033075591238724,-0.0011870423477140953,-0.010717293496206896,0.2736391463207663,-0.004426956717017358,0.26311262388853435,0.019832964349304684,-0.012876620957650353,-0.012876620957650353,-0.04587279164499896,-0.02307158581443548,-0.04574808535684486,-0.04294210682584892,,-0.042326411604115176,0.03304228812638453,-0.08693852017945095,0.02033689635916437,0.019343101684196843,-0.00623075038364495,0.02859561344464636,0.016489677876805206,0.03937213115694506,0.025596967992010937,0.05279926465054353,-0.0037797887741828524,0.0634897650022662
pages_in_file,-0.12662518525748465,0.9700934384522273,1.0,0.18593693721206164,0.5043345151989269,-0.5947620801714936,0.3843808937154909,0.1941350075677348,0.4619263863184398,0.11316152386500852,0.18396409192244315,-0.5932931004070222,-0.0811983877018685,0.019694876069127107,0.04485521750967737,0.06142975077879654,0.006182606448626355,0.020570423731750515,0.17560336218359848,0.04636240604831,0.2044960178498991,0.2289384362446102,0.24640787024312943,0.1936263519189152,0.04030909497983851,0.06354349173852714,0.08778572800251132,0.05798358461131813,0.2220042973434681,-0.27860800471278147,0.36223696260759236,0.3646049637055626,0.016468835603892933,0.050525939062205295,0.14988248105113783,0.061936494237637967,0.0987228773525582,-0.012538300281375692,0.0005115520785532719,0.2646937008300602,-0.002623419576002468,0.25536639208003653,0.020438815733969988,-0.012470518354059918,-0.012470518354059918,-0.045358742386785264,-0.022986453480403516,-0.04508477100756094,-0.04134232519969054,,-0.03978814690733559,0.033744183501429,-0.08795103779344783,0.021519353507161828,0.020761518359968343,-0.0020468317381446177,0.03322268155886629,0.018020192719378596,0.04251937252996631,0.02779509804630039,0.052280080747927,-0.0012196188172022757,0.06622754808550303
relocations,0.08346534519189358,0.1697860226942556,0.18593693721206164,1.0,-0.21172957148166707,0.12197327555624143,-0.16770893637754766,0.38191320745911084,-0.19427001015787732,0.3626341883119847,0.4083055386539414,0.10566285170258315,0.2925834519707794,-0.051150163576068504,0.11192134205371625,0.036162226804928504,0.02654715729410819,0.09529919981742775,-0.016645539416558486,0.05969381139105379,-0.023264954530720586,-0.06977843292409983,-0.014742289684284038,0.1136673896251457,0.17007976970887925,0.12351440808327387,0.1126884640632234,-0.0414240163545768,0.12359771144756847,-0.018538027078894546,0.004183068518312931,0.004801600833227109,-0.0025949286118909028,0.10938734088070022,-0.052449867880367276,0.10347631612095176,0.06902000931513654,-0.005193224961942346,-0.0055088407737775135,0.11252237665189724,0.1100801014330665,0.09981415660675798,0.10017621328628597,-0.0018346933900041532,-0.0018346933900041532,-0.0794537735375613,-0.054696538232285506,-0.0205213802649893,-0.07859215040002346,,-0.03607262392245785,-0.04848305421953213,-0.057580437113894545,-0.06627233762105222,-0.021120871321882125,-0.09064131020632285,-0.0702955211727901,-0.056669004454016764,-0.052948402323755486,-0.0560093431693583,-0.04217715960985464,-0.04029643920992686,-0.018878919132037444
size_of_header,-0.12085911963089066,0.4936364514303375,0.5043345151989269,-0.21172957148166707,1.0,0.1361180518486071,0.40700641978021884,0.28296368522441057,0.7965150212912463,0.18293728795172096,0.28721286436236926,0.12600264192760643,-0.1361416999385932,0.2797009827788223,0.10828719806625989,0.14171967706005628,0.026620648300870554,0.10779038055929263,0.19848153677769653,0.1371067546077723,0.2896971584353314,0.2137009698306155,0.3030979702030532,0.10317035876889069,-0.08390123250545263,0.10701392003044291,0.1697964704457932,0.11044009659037483,0.2040240580555206,0.23284512081186973,0.4861436962362377,0.4789234072758472,0.0031547695518243605,0.10929309328799676,0.1988303679303223,0.11081656353794916,0.14292162294966973,0.006313633411969461,0.006697341521968819,0.09225152110896015,0.10376568466015312,0.09293690370150388,0.10548436781868387,0.0022305179484305073,0.0022305179484305073,-0.03242186346832185,-0.055551823581844684,-0.025317182221410526,-0.030076995859332607,,-0.07721371257714542,0.03747112314744447,-0.0828135669705323,-0.050614078229569315,0.032603136015142344,0.012632860069852137,0.09394843642267126,0.009461188094090934,0.052259175784361296,0.04201336675201746,0.07061203509797671,0.15541595747608747,0.14653878955700084
min_extra_paragraphs,0.07813244615068249,-0.6175545399802256,-0.5947620801714936,0.12197327555624143,0.1361180518486071,1.0,-0.08878330160138484,0.2921908845185237,0.14667234296600723,0.2672210151311123,0.2740196696288702,0.9609844873627514,0.15658740093911755,0.2473239156161984,0.08656009542920537,0.052040922283963745,0.03035569299342419,0.10389064874923425,-0.04237426070560918,0.11756879803175233,-0.03799183503250808,-0.12120330317587205,-0.04238340393507092,-0.1053746000421704,-0.012617491425518804,0.07413996261845643,0.09873178364229979,-0.01869814387803735,-0.03150577820719435,0.5768155962827625,-0.014202236750503902,-0.02202464113828543,0.010788883416464919,0.08401171903399281,-0.025218779312233545,0.0731829686926154,0.045305402124959565,0.012519357451904654,0.010661897221261962,-0.2197737520236542,0.13940074561517232,-0.2116755657241435,0.10460722415989723,0.017736291730613047,0.017736291730613047,-0.006984130757868743,-0.03967514305714277,0.02581315882849124,-0.00897291367960188,,-0.033745060742011675,-0.026647958020688665,0.004387850934607612,-0.09281220067874561,-0.002345264064015749,-0.017949805162415264,0.02197423773207579,-0.03248469199626558,-0.02368702674775712,-0.017433105408078416,-0.014310756258913416,0.10471387844333985,0.022158112722604307
max_extra_paragraphs,-0.12967092777593256,0.3978281189854359,0.3843808937154909,-0.16770893637754766,0.40700641978021884,-0.08878330160138484,1.0,-0.34154282629286975,0.5140822163796129,-0.3304588902984187,-0.36407048250753593,-0.07580074304496305,-0.234301799680463,0.23464531375977407,0.14689402039374314,0.15058136001879488,0.051275251958956235,0.1380900030772343,0.24332516839382792,0.19486798708988337,0.3080638414306325,0.26325453887709327,0.34031979029953735,0.16251375216575825,0.05332033210645639,0.14608611154724252,0.19201635060403907,0.06018074239358498,0.32890013899522036,0.3475566232338267,0.5756766390669326,0.5626573828276361,0.0035988559258120674,0.14874626840816582,0.23685781877922452,0.14788935649423582,0.1695246012006429,0.007202382502053632,-0.001830409623195904,0.1438644522618818,0.13953027371668894,0.14197111426879339,0.13671599988478797,0.0025445005108842957,0.0025445005108842957,-0.05980651112262153,-0.0846586770817481,-0.04116286105880583,-0.05705347955994767,,-0.09947753691576776,0.02949970718121636,-0.11799389184566161,-0.0649454950015294,0.04392824354800495,-0.00967701348972279,0.08575469635902967,0.018906308562019827,0.046193352488300574,0.03644262134612309,0.06800685099374576,0.15342188135238438,0.15271521047808734
init_ss_value,0.018516188460268687,0.1372704074718722,0.1941350075677348,0.38191320745911084,0.28296368522441057,0.2921908845185237,-0.34154282629286975,1.0,0.27954958935085633,0.7381000405161268,0.7366378406588516,0.2475988929186545,0.48037373979066345,0.025826544549787722,0.012679889678968213,0.013925570313183361,-0.013512983329277618,0.024991778865760678,-0.02961754747208221,0.015055690597382104,-0.008407766009936583,-0.03921992889600726,-0.006918803549417583,0.006607829223666222,-0.005680831485995626,0.02480231307960709,0.0046600132383633405,0.025872610587350194,-0.005624728952286117,0.0006716292201683631,0.0023511512509002946,0.002698805854109912,-0.0014585153518606186,0.019084929177684156,-0.027244087790388703,0.019262529176507302,0.028112401109112,-0.0029189235873195323,-0.0030963197995860833,0.0038493555453575213,0.02437187783278386,-0.003544414334412526,0.020558045943212082,-0.0010312146788995218,-0.0010312146788995218,-0.01456042453184277,-0.00575038719280759,0.00079545366063493,-0.015527217094094256,,-0.020091557569207098,-0.016961862957271562,-0.021480732855569815,-0.02632731445347372,-0.018385028557249647,-0.01858089234118238,-0.0012114872458867945,-0.027905436471054933,-0.011180591138062851,-0.008937819784701527,-0.011179356704452028,-0.010903373672670143,-0.017556176529737805
init_sp_value,-0.13044604039242663,0.42566937044573316,0.4619263863184398,-0.19427001015787732,0.7965150212912463,0.14667234296600723,0.5140822163796129,0.27954958935085633,1.0,0.2256874660208818,0.341432708725706,0.12538832547053752,0.15644591051655632,0.24236459631534346,0.07072886174362844,0.11375568956818523,0.026415395713320224,0.08918865086525464,0.18801298144622383,0.13829748242861595,0.24657520730510357,0.21371949762829073,0.28213663380829024,0.05698560259019558,-0.07202507192346821,0.07832393454480005,0.11560658989164072,0.08796224596491445,0.17586494337953604,0.2755813954232164,0.43788204565014843,0.430393905727546,0.019157462728512275,0.08350126365365321,0.2029747137148138,0.0881547194059854,0.12241865310376916,0.005617953118018021,0.005959381584373539,0.06703662794525915,0.07690517449818822,0.06728122930859771,0.07796358340507561,0.001984743878132679,0.001984743878132679,-0.024702220022523994,-0.04978368630140681,-0.026845169034417683,-0.023567974851765417,,-0.07629218384431626,0.034607863614948685,-0.08467476101224526,-0.047543919096518596,0.02953227328338618,0.02111273255832321,0.10546756834410323,0.013260084542253126,0.05108485917551159,0.04183883135797409,0.06780222010393408,0.14481990691120095,0.11160393130110248
init_ip_value,-0.001729330370529666,0.07491588788107849,0.11316152386500852,0.3626341883119847,0.18293728795172096,0.2672210151311123,-0.3304588902984187,0.7381000405161268,0.2256874660208818,1.0,0.8654052904115945,0.24729224027212413,0.6352553886317621,-0.01957970551056979,-0.008123934912758137,0.007561033791383592,0.009966740236746888,0.006595313113993277,-0.03965863784540441,-0.009144801935315347,-0.025403184263454944,-0.049266919320513754,-0.007968765963623404,-0.013553856553363422,0.004423255957417376,0.021671448623036386,0.004016881011474299,0.027021736282678625,0.003175486813540698,0.03506961037620891,0.0029534469400892293,0.012135389075915248,-0.0018321440193932398,0.004211730298582444,-0.0303682411694718,0.0055974507467758785,0.021797828888024534,-0.003666665823401225,-0.0038895057194314963,0.0027723607027354004,0.012247423581642826,-0.002298436256200902,0.01066575274519261,-0.0012953815016386822,-0.0012953815016386822,-0.015088050416408021,-0.010080130462665829,0.0016473941639438114,-0.01582032866383208,,-0.02996082382275144,-0.02425396135763025,-0.026520507061562188,-0.0336112469984184,-0.023219584844626846,-0.026435036366787054,-0.0036792782935732887,-0.02856488628210067,-0.012625334786189319,-0.010816203636002617,-0.019449125911586443,-0.0228036934447708,-0.030599119914115912
init_cs_value,0.011659559612798456,0.1605813718414407,0.18396409192244315,0.4083055386539414,0.28721286436236926,0.2740196696288702,-0.36407048250753593,0.7366378406588516,0.341432708725706,0.8654052904115945,1.0,0.28296591091504,0.5356403262496683,0.010787880951511309,0.007154527583973254,0.009764664807145124,0.0007995158032521946,0.020778400723371483,-0.027657248966425577,0.008118572983267344,-0.024062233623984547,-0.04107448777490552,-0.003496740400572643,-0.002648813532003241,-0.004612894051135912,0.02168288833806604,0.011627992759975577,0.01646194211651647,0.0024602250929249073,0.0070264135377192845,0.002583166273191146,0.012926808310562345,-0.001602443766395376,0.01951292444942681,-0.02514733888969108,0.01977681457979342,0.028992977410717238,-0.003206967208893393,-0.00340186913719058,0.013553651340965815,0.023893722164258228,0.008778620801082066,0.023667866959760555,-0.0011329764420442408,-0.0011329764420442408,-0.01307827112513973,-0.008400752591891505,-0.002750060853966059,-0.014204552296088857,,-0.019777722584421616,-0.01581814979880816,-0.017042040728734074,-0.030375793896865684,-0.021375988438363372,-0.020846162209710754,-0.0017162074240762392,-0.032464885296899886,-0.013430533888172039,-0.014914477262017233,-0.013496651867445652,-0.020996801138250632,-0.029486921253070706
over_lay_number,0.08648684192093353,-0.6166530435879657,-0.5932931004070222,0.10566285170258315,0.12600264192760643,0.9609844873627514,-0.07580074304496305,0.2475988929186545,0.12538832547053752,0.24729224027212413,0.28296591091504,1.0,0.1549642094086015,0.2605199821542597,0.09235475103650352,0.05710586818736076,0.03639810536765714,0.1132686416734901,-0.03857128104994092,0.12554301182859465,-0.029909793730572332,-0.11749193718951557,-0.04211444262507572,-0.0927611486462285,-0.011521924779872558,0.07337474745455463,0.10030723741798175,-0.024708068661141776,-0.009057869072958337,0.5893558780750925,0.02181646443092381,0.014337227762254448,-0.004939279957057276,0.0858094979533803,-0.02217073539773711,0.07462713995490694,0.047127882133605935,0.013118955363114635,0.011250245138290585,-0.22381670632079212,0.14062901585065593,-0.2151211905596619,0.10515978045488787,0.018190612276212735,0.018190612276212735,-0.003766698213551145,-0.036634265445614315,0.027364345434156466,-0.004378285119443207,,-0.029321649617389624,-0.023812097207478712,0.008029715785360155,-0.0881674998534802,-0.00027059946904625106,-0.014036248121708852,0.023936091511615302,-0.029960862231442842,-0.018486227319657784,-0.015256885118418115,-0.012437734687941722,0.1108553616273338,0.026246023007098426
oem_identifier,0.028026772688544716,-0.10507932944717073,-0.0811983877018685,0.2925834519707794,-0.1361416999385932,0.15658740093911755,-0.234301799680463,0.48037373979066345,0.15644591051655632,0.6352553886317621,0.5356403262496683,0.1549642094086015,1.0,-0.10582823689819497,-0.020211116779114566,0.01842683622443447,-0.0054336092572283,0.03397917313166424,-0.04162463370251348,-0.024637397185289914,-0.01676965383461354,-0.03512355934501208,-0.016763749085243543,-0.02925991769715982,0.004179183465845691,0.015456054042205647,-0.056549283974480224,0.010045598156695036,0.011307997585654811,0.11679028879311985,0.017784631436813244,0.007767625705970809,-0.0023556327455560365,-0.0034158576019951235,-0.014190161704141818,-0.0046703323023664905,-0.00012525694859083405,-0.004714322667426317,-0.005000833416880966,0.00384102671647029,0.01462717815139243,-0.0027808688788338544,0.006767309187382302,-0.0016655039401641538,-0.0016655039401641538,-0.024038476316523862,-0.014438063893750802,-0.0009732195054325317,-0.022370381464884563,,-0.0364852082175658,-0.036802343062509756,-0.03575910511318403,-0.050246733521249164,-0.025889068163270926,-0.03458355897148839,-0.009175491548896396,-0.03752270852933674,-0.028248567006991132,-0.0238526998676138,-0.0356823335008065,0.007344096095572865,-0.039151456188819364
address_of_ne_header,-0.06138126097669996,0.011437533777887835,0.019694876069127107,-0.051150163576068504,0.2797009827788223,0.2473239156161984,0.23464531375977407,0.025826544549787722,0.24236459631534346,-0.01957970551056979,0.010787880951511309,0.2605199821542597,-0.10582823689819497,1.0,0.0907928210314761,0.40648885078498886,-0.015063226357466077,0.028816266599537635,-0.3803237218127714,0.12285838268962167,0.22576092117796925,-0.4874127286301597,0.18997398404220375,0.5296215556025151,-0.07262341183572812,0.1693736937009997,0.5297168964549772,0.19405667486363132,0.0037077854773506845,0.24555887806105584,0.13417811413898142,0.20850243066881602,-0.005503128996143779,0.07903681293476633,-0.412619839140199,0.0983056263218393,0.44974681572152053,0.013373032144742645,0.002532326152550039,0.18829745557665734,0.21686934608132685,0.22230109392409222,0.24413222264063036,0.018330510214545372,0.018330510214545372,-0.11735818642280467,-0.10915827256190236,-0.006322015837230569,-0.10951708895588871,,-0.08318553318420606,0.020782164394803296,-0.06411399426724824,-0.07069922747847797,0.01304333336580376,-0.04043109614800422,0.04353626532018898,-0.028832047450512818,0.023897216217812645,0.03681060013053259,0.07156956398858011,0.4380019144278075,0.4688757718656038
SizeOfCode,0.484881996023543,0.04059525066580309,0.04485521750967737,0.11192134205371625,0.10828719806625989,0.08656009542920537,0.14689402039374314,0.012679889678968213,0.07072886174362844,-0.008123934912758137,0.007154527583973254,0.09235475103650352,-0.020211116779114566,0.0907928210314761,1.0,0.22540899022225275,-0.11774966220315511,0.6526528655790443,0.23018316056725927,0.7801075399338391,0.13415333206340177,0.2058920492519611,0.05323951104221351,0.13441467267896623,-0.17186078902508378,0.6695372247134667,-0.016718772151975377,0.07204160923993959,0.20007965768652472,0.1290467080152383,0.1769728823135188,0.19041178957906243,0.015902536353374987,0.8839336379320243,0.20084297995275732,0.8241123555388669,-0.0732111818434788,-0.012907610985918581,-0.0027014716855959546,0.2939728216173986,0.5087391520152567,0.2509807965927805,0.4609977163969481,0.0017302773843234029,0.0017302773843234029,-0.05063709854954304,-0.051290187661816956,-0.0028534781871824705,-0.049732506059334776,,0.03868007398546027,0.10000052366066879,0.05154688944004321,-0.04657395205132433,-0.01179724607593297,-0.02652157225051195,-0.03453893274547692,-0.0839472370774368,-0.07490377631493911,-0.033821039499159364,-0.03967926504840748,0.04531012638045487,0.05250335813163634
SizeOfInitializedData,-0.008334328853673757,0.060548681015145024,0.06142975077879654,0.036162226804928504,0.14171967706005628,0.052040922283963745,0.15058136001879488,0.013925570313183361,0.11375568956818523,0.007561033791383592,0.009764664807145124,0.05710586818736076,0.01842683622443447,0.40648885078498886,0.22540899022225275,1.0,0.011343255831372127,0.08236361176013395,-0.40314183384411123,0.1619009583118973,0.1798041674850415,-0.3784462629876439,0.10881634419566538,0.368787146002158,0.06048469511335721,0.624825076337308,0.3655685680611495,0.4075288762791132,0.11093528908892569,0.17245932373211684,0.155179313268256,0.20799863370086882,-0.014827937945954212,0.20668842671576207,-0.3227031071467328,0.16950228945139148,0.3574315766900862,0.02055584997009793,0.017205076125239305,0.30896460441489443,0.2862795285202792,0.27643877450777005,0.2554709791138185,0.010988032727807134,0.010988032727807134,-0.046974366042432075,-0.06120288084718416,0.023376549249445815,-0.0364758224738256,,-0.02540872642274287,0.09909550388493185,0.012732034772733412,0.012106053774469338,0.029947640183072097,-0.021213297718170463,0.030693073174723765,0.08760253286314335,0.049288066869853084,0.07188566549031616,0.0629621003706383,0.34387992103697484,0.4435892719060983
SizeOfUninitializedData,-0.08008692925670755,0.007115144562847974,0.006182606448626355,0.02654715729410819,0.026620648300870554,0.03035569299342419,0.051275251958956235,-0.013512983329277618,0.026415395713320224,0.009966740236746888,0.0007995158032521946,0.03639810536765714,-0.0054336092572283,-0.015063226357466077,-0.11774966220315511,0.011343255831372127,1.0,-0.07058051670135337,0.1408203116816544,-0.02728451727007262,-0.00794200185064706,-0.20863095375246915,-0.0809064417320646,-0.1387623974277911,0.5258012029122306,0.044458590929418396,0.28678133855589505,0.030129241867425147,0.2565151094520217,0.01778573360623604,0.021028247976366914,0.04943021903739201,-0.007782539785593947,-0.14366276445582785,-0.13067397773070058,-0.13982821182870692,0.09824765402820203,-0.010174184359289606,-0.011429831138523198,-0.10334276911946455,-0.11556685004152471,-0.0951516427992822,-0.1168228993161931,-0.005502492144348002,-0.005502492144348002,0.023655396022124936,0.014042862343910495,-0.03426131897535369,0.02496466492545143,,-0.08167773240836894,-0.03841568982202343,-0.04495631294797154,-0.052112364956772295,-0.04376171940508361,-0.078915399576255,-0.08113381023488787,0.03063208234621096,0.06520975980410283,0.03316262987593142,-0.04848989542683151,0.1629635223553547,0.08677261201412577
AddressOfEntryPoint,0.7915024305854292,0.017322562795534416,0.020570423731750515,0.09529919981742775,0.10779038055929263,0.10389064874923425,0.1380900030772343,0.024991778865760678,0.08918865086525464,0.006595313113993277,0.020778400723371483,0.1132686416734901,0.03397917313166424,0.028816266599537635,0.6526528655790443,0.08236361176013395,-0.07058051670135337,1.0,0.4074219169270327,0.5270973048017841,0.10679130167944402,0.3341859832985593,-0.00467512153369807,0.09323124882228728,-0.24412623643435952,0.51017827657964,-0.09403306931846998,-0.06466162523020981,0.06320650208244893,0.14457506798929995,0.14590093774359209,0.24006928595372076,-0.014993584640521132,0.6108325540188486,0.3196631231430235,0.5225938378612281,-0.25433885111699317,-0.030054390726493525,-0.022256051439418743,0.20272188363859342,0.34030525606899675,0.11650264184929018,0.24981228741074063,-0.006878053040961004,-0.006878053040961004,-0.0241921567808767,-0.025745934283072352,-0.0013356763156333077,-0.03025249551687766,,0.003235315362167083,0.017748072109584106,0.03953485400211444,-0.0633486113604882,-0.014647797490963316,-0.04070581223031927,-0.036186806575718725,-0.09521668773285147,-0.09702727652552944,-0.05109630419459557,-0.06517218789261205,0.03385071332547882,-0.10891276520464452
BaseOfCode,0.2670877196853649,0.17545100914311818,0.17560336218359848,-0.016645539416558486,0.19848153677769653,-0.04237426070560918,0.24332516839382792,-0.02961754747208221,0.18801298144622383,-0.03965863784540441,-0.027657248966425577,-0.03857128104994092,-0.04162463370251348,-0.3803237218127714,0.23018316056725927,-0.40314183384411123,0.1408203116816544,0.4074219169270327,1.0,0.23572982792611472,0.028735035359169846,0.835907855654924,-0.03052145504698366,-0.3493845990270713,-0.19823948021516657,-0.0060713566733253035,-0.3738588274611755,-0.33223648986807447,0.13482886565231342,0.07184958876703315,0.2622791182128975,0.1889026162442593,-0.012827732373668303,0.2012339111813046,0.7597488162687879,0.20473870750780018,-0.45379989584567554,-0.02567211277519758,-0.014673368104147719,0.00807210061340503,0.016248651471569724,-0.0004693395702132714,0.010701130191889365,-0.009069596630468304,-0.009069596630468304,0.06850699428005501,0.020396134543476507,0.0005920549578589926,0.05990082720371362,,0.041828956458518605,-0.03138428299531382,0.03689151621357951,-0.060293346873680764,-0.04141792342593423,-0.025719650207833858,-0.024295890256493063,-0.08261483331772923,-0.11478798211688894,-0.09213642721178988,-0.10444129544212812,-0.3449887901914359,-0.4906838052308978
BaseOfData,0.37672045321231806,0.039906619070789545,0.04636240604831,0.05969381139105379,0.1371067546077723,0.11756879803175233,0.19486798708988337,0.015055690597382104,0.13829748242861595,-0.009144801935315347,0.008118572983267344,0.12554301182859465,-0.024637397185289914,0.12285838268962167,0.7801075399338391,0.1619009583118973,-0.02728451727007262,0.5270973048017841,0.23572982792611472,1.0,0.0655679241162895,0.15201786757197658,0.05953619277033001,0.07949953165781502,-0.15448727287047412,0.525432680777464,0.02365600923607214,0.07792416675846935,0.15481131983073174,0.15497154225917625,0.16513979369538162,0.19787133174997723,0.009319079905345194,0.7062437677549204,0.13265180418751427,0.6704107131191722,-0.066917613047312,-0.008311319795457111,-0.00618069146195609,0.20649984136053745,0.40009344515493994,0.18584916339276744,0.37872151427115724,0.0029175393106518417,0.0029175393106518417,0.006401821663530653,-0.014194496014474105,0.01107195075765837,0.008647621470422605,,0.06797212544856207,0.12736978171265628,0.08587533354168636,0.0026280623407644215,0.003104692507523257,0.04116490304292434,0.01593547813671742,-0.0379554505407142,-0.03139881133040705,0.0008281174399638053,-0.008404254687526957,0.06611053361599203,0.048932691524732015
ImageBase,-0.03880506694214046,0.20824705076856342,0.2044960178498991,-0.023264954530720586,0.2896971584353314,-0.03799183503250808,0.3080638414306325,-0.008407766009936583,0.24657520730510357,-0.025403184263454944,-0.024062233623984547,-0.029909793730572332,-0.01676965383461354,0.22576092117796925,0.13415333206340177,0.1798041674850415,-0.00794200185064706,0.10679130167944402,0.028735035359169846,0.0655679241162895,1.0,0.021256909268913843,0.12615138460862885,0.3472753343423781,-0.04950627476594509,0.15116464476043526,0.1615061711249763,0.10315313461985415,0.2569475108122449,0.250495624594207,0.4115524640261376,0.3247734173481002,-0.004305750234098722,0.12605945597581497,0.030102391527038176,0.08913551064948724,0.12937354248822167,-0.00357632784224934,0.0003937090538686839,0.23189936601590594,0.15842458717956978,0.19016757146074473,0.12263028982563223,-0.0030442962697741784,-0.0030442962697741784,-0.3048347328393336,-0.16879178251520308,-0.08373145481186349,-0.30326960116312585,,-0.16080210546595242,-0.0873612505318893,-0.23674087306274236,-0.22887579519092593,-0.055545539502112,-0.2733583332285741,-0.20238319036627184,-0.13298590658933424,-0.08133585695942873,-0.08625777711827108,-0.03333246798102958,0.18230162057654853,0.1460299496401136
SectionAlignment,0.19773452301686753,0.23095485220181394,0.2289384362446102,-0.06977843292409983,0.2137009698306155,-0.12120330317587205,0.26325453887709327,-0.03921992889600726,0.21371949762829073,-0.049266919320513754,-0.04107448777490552,-0.11749193718951557,-0.03512355934501208,-0.4874127286301597,0.2058920492519611,-0.3784462629876439,-0.20863095375246915,0.3341859832985593,0.835907855654924,0.15201786757197658,0.021256909268913843,1.0,0.0003616592676094684,-0.39983914456510583,-0.21546944114938166,-0.052227191674668313,-0.6105405602027163,-0.3162620833948318,0.11064179775492482,0.028838628171220963,0.2885861073335692,0.18470667304281904,-0.011624052398252425,0.2085277311525048,0.8354133179425814,0.21989667847493138,-0.5236615130132994,-0.019532172380928692,-0.010629251834117325,9.390429152503449e-05,-0.007555209223375994,0.0020467903439817217,-0.0011841798521204391,-0.00821855830731126,-0.00821855830731126,0.1043194890423909,0.047196115384513834,0.006789827503002764,0.09499799484618672,,0.08101595227829533,-0.005284696275591458,0.06321125302215426,-0.0061888383831195486,-0.024093194895403094,-0.004065508107251724,-0.02776988033547388,-0.042907541886669384,-0.10535129432403717,-0.09785710900788813,-0.10091864012396215,-0.44174788781273583,-0.5034988152837004
FileAlignment,-0.14582624049251613,0.2544680752681105,0.24640787024312943,-0.014742289684284038,0.3030979702030532,-0.04238340393507092,0.34031979029953735,-0.006918803549417583,0.28213663380829024,-0.007968765963623404,-0.003496740400572643,-0.04211444262507572,-0.016763749085243543,0.18997398404220375,0.05323951104221351,0.10881634419566538,-0.0809064417320646,-0.00467512153369807,-0.03052145504698366,0.05953619277033001,0.12615138460862885,0.0003616592676094684,1.0,-0.09645309865231189,0.09334212972479251,0.013851238788194246,0.5659478524270005,0.054627556963553404,0.13933481495851652,0.10709694662985353,0.29100511014277547,0.28247495509776693,0.01685045923639411,0.056516843697731245,-0.0236955939457934,0.06942237458942645,0.5278004466425554,-0.004410788572081361,-0.010458297913363897,0.09969794612025555,0.07341829749362642,0.11236825657340416,0.08718828789116348,-0.003483086703772265,-0.003483086703772265,-0.1041436605630827,-0.07977368489899972,-0.04225699528760189,-0.09867431624707165,,-0.08099672230123456,0.062094724785013045,-0.06351331237373659,-0.04515369123293066,0.0012882608857200583,-0.03177415614883204,0.019444307350927698,-0.05068049247027549,-0.041345612431942215,-0.03692824289121806,-0.02913815307115598,0.1384503850345673,0.22576650711852767
OperatingSystemVersion,0.0011246960991662543,0.19609491823721373,0.1936263519189152,0.1136673896251457,0.10317035876889069,-0.1053746000421704,0.16251375216575825,0.006607829223666222,0.05698560259019558,-0.013553856553363422,-0.002648813532003241,-0.0927611486462285,-0.02925991769715982,0.5296215556025151,0.13441467267896623,0.368787146002158,-0.1387623974277911,0.09323124882228728,-0.3493845990270713,0.07949953165781502,0.3472753343423781,-0.39983914456510583,-0.09645309865231189,1.0,-0.1290450282734534,0.22883114862864032,0.3159995112511888,0.2167869580680728,0.10947867952221492,0.03298769868502068,0.16655382713031575,0.24870717500143474,-0.011484031327981687,0.10328032809266434,-0.35851843912187853,0.05813031188546483,0.22700398390067547,-0.0092921170356918,-0.00775393395225562,0.32155708345745376,0.21602098493277863,0.27107127879947657,0.17683521891108608,0.006697702636290795,0.006697702636290795,-0.18041092546218163,-0.13196461038307072,-0.02478174477048616,-0.17248428238772576,,-0.1071664887756321,-0.01694130606844233,-0.14657178151047992,-0.0908648020357942,0.031013249933983394,-0.056998917189704096,0.05280461581646639,-0.06084323177238319,0.054367320394724736,0.05653995639580597,0.15501340838291044,0.299938068323853,0.31051561989240395
ImageVersion,-0.23514335436269013,0.038488474912538505,0.04030909497983851,0.17007976970887925,-0.08390123250545263,-0.012617491425518804,0.05332033210645639,-0.005680831485995626,-0.07202507192346821,0.004423255957417376,-0.004612894051135912,-0.011521924779872558,0.004179183465845691,-0.07262341183572812,-0.17186078902508378,0.06048469511335721,0.5258012029122306,-0.24412623643435952,-0.19823948021516657,-0.15448727287047412,-0.04950627476594509,-0.21546944114938166,0.09334212972479251,-0.1290450282734534,1.0,-0.028801436678720496,0.20616422242336035,0.14676367954162758,0.14591398181901846,0.028956210161193638,0.02418843505389396,0.020113522705710093,0.0026490029104924554,-0.1730745163834604,-0.2293005855981929,-0.1606852259123144,0.19586489421860717,0.011621358485518507,0.017950684680828437,-0.1114603578905488,-0.13830316135515752,-0.09873420512024658,-0.13823723928546525,0.011246123606463277,0.011246123606463277,0.01695746373066865,0.013134821346214473,-0.030464142134978427,0.01916846251988901,,-0.08437824870778671,-0.03208362744468918,-0.06251452448750695,-0.03085358469491531,-0.017032270474890466,-0.0882973171961522,-0.10943890535415135,0.0787280313384665,0.09110932361240902,0.0026672039049838838,-0.06628933751424425,0.062018867278485365,0.16252139949080044
SizeOfImage,0.3509082210145878,0.06153440857260462,0.06354349173852714,0.12351440808327387,0.10701392003044291,0.07413996261845643,0.14608611154724252,0.02480231307960709,0.07832393454480005,0.021671448623036386,0.02168288833806604,0.07337474745455463,0.015456054042205647,0.1693736937009997,0.6695372247134667,0.624825076337308,0.044458590929418396,0.51017827657964,-0.0060713566733253035,0.525432680777464,0.15116464476043526,-0.052227191674668313,0.013851238788194246,0.22883114862864032,-0.028801436678720496,1.0,0.1639516931295784,0.34041467667414116,0.15536291580272327,0.1741446288973356,0.19884459438284935,0.21319909512899046,0.026662498179133826,0.6073381297274535,-0.023726399193689362,0.521552787895863,0.0404454721434398,0.0032414830085750715,0.0033762081721241924,0.2979553470672314,0.3638830227340387,0.2238472795898265,0.2898051042302088,0.011727510009265491,0.011727510009265491,-0.01409906052920833,-0.027260465092329336,-0.010519128622561482,-0.00823518291056577,,0.014511530212664304,0.11971251095795973,0.05538164136504388,0.007300558678686646,0.007344756068611087,-0.03334206460279684,-0.042360015219121985,0.06189666296780994,-0.026132100960628964,0.014748401756315326,-0.02503515812224422,0.17472092962327454,0.1733051062848587
SizeOfHeaders,-0.17010131773435586,0.08636371012432681,0.08778572800251132,0.1126884640632234,0.1697964704457932,0.09873178364229979,0.19201635060403907,0.0046600132383633405,0.11560658989164072,0.004016881011474299,0.011627992759975577,0.10030723741798175,-0.056549283974480224,0.5297168964549772,-0.016718772151975377,0.3655685680611495,0.28678133855589505,-0.09403306931846998,-0.3738588274611755,0.02365600923607214,0.1615061711249763,-0.6105405602027163,0.5659478524270005,0.3159995112511888,0.20616422242336035,0.1639516931295784,1.0,0.23390736281813124,0.16530335309660016,0.16080347933049594,0.16205739925055468,0.23061395435669546,0.002558201636961094,-0.03505623002726072,-0.4907984941655961,-0.05352739812165256,0.7738024926301816,0.0007954249174942774,-0.00336699205599183,0.12490709503729996,0.127842652955728,0.11828540940213055,0.11996285016470931,0.0033162856857648295,0.0033162856857648295,-0.17748603567271648,-0.14259179604571112,-0.041543669717962216,-0.1677694950077296,,-0.16764612608520696,0.002680635108279926,-0.14059944729211457,-0.10620398852487617,0.011902027770119245,-0.07004876668175251,0.026753521680262057,-0.05176085445859267,0.020109421559988735,0.029572593599056594,0.04881480933163871,0.4378922687801403,0.4725644480873188
Checksum,-0.09960342495452146,0.05557052142431327,0.05798358461131813,-0.0414240163545768,0.11044009659037483,-0.01869814387803735,0.06018074239358498,0.025872610587350194,0.08796224596491445,0.027021736282678625,0.01646194211651647,-0.024708068661141776,0.010045598156695036,0.19405667486363132,0.07204160923993959,0.4075288762791132,0.030129241867425147,-0.06466162523020981,-0.33223648986807447,0.07792416675846935,0.10315313461985415,-0.3162620833948318,0.054627556963553404,0.2167869580680728,0.14676367954162758,0.34041467667414116,0.23390736281813124,1.0,0.04484435708565912,0.08330724713804256,0.04965443551033242,0.10917349655077269,-0.0005882462223496079,0.0647772308109894,-0.3123500071077228,0.05035229198625397,0.22129601150883416,0.024825335617704898,0.0363531630715189,0.16057190023523754,0.1420377071363153,0.14318477258478543,0.1254539985094789,-0.005327476017151728,-0.005327476017151728,-0.06817453016923211,-0.06138611904557181,-0.013874281603322661,-0.057410821043174014,,-0.0747333961678314,0.03688637618423788,-0.04148468307753274,-0.02825712733483537,0.05283256543128563,-0.030777564284927537,0.024260784632851445,0.08999376189855829,0.036579219382120685,0.03918472247222187,0.052334604732400744,0.20600398650028884,0.2729771052559756
SizeofStackReserve,-0.0838068802070794,0.2258834947546511,0.2220042973434681,0.12359771144756847,0.2040240580555206,-0.03150577820719435,0.32890013899522036,-0.005624728952286117,0.17586494337953604,0.003175486813540698,0.0024602250929249073,-0.009057869072958337,0.011307997585654811,0.0037077854773506845,0.20007965768652472,0.11093528908892569,0.2565151094520217,0.06320650208244893,0.13482886565231342,0.15481131983073174,0.2569475108122449,0.11064179775492482,0.13933481495851652,0.10947867952221492,0.14591398181901846,0.15536291580272327,0.16530335309660016,0.04484435708565912,1.0,0.13023748528465623,0.5589118928312017,0.5328009964622157,-0.0010419482436725706,0.18262247903858347,0.10344587631394984,0.16585890193600042,0.12476781145636767,0.0018905563649186273,-0.008264007317094374,0.1481201239969172,0.14872055761390757,0.13519252695691852,0.13993714564714516,-0.0011775740338461427,-0.0011775740338461427,-0.19189559779950163,-0.1261065316911593,-0.04550123167918797,-0.19048408128030334,,-0.12685310473815647,-0.052125576960869946,-0.15888126082889065,-0.2168009596500903,-0.05295509207911661,-0.17657807225205255,-0.0782575508660944,-0.1401176170413199,-0.05642831304187265,-0.060452077978127766,-0.026078780611233636,0.06746776878010535,0.05394102864333312
SizeofStackCommit,-0.02248846851915025,-0.2914735645726246,-0.27860800471278147,-0.018538027078894546,0.23284512081186973,0.5768155962827625,0.3475566232338267,0.0006716292201683631,0.2755813954232164,0.03506961037620891,0.0070264135377192845,0.5893558780750925,0.11679028879311985,0.24555887806105584,0.1290467080152383,0.17245932373211684,0.01778573360623604,0.14457506798929995,0.07184958876703315,0.15497154225917625,0.250495624594207,0.028838628171220963,0.10709694662985353,0.03298769868502068,0.028956210161193638,0.1741446288973356,0.16080347933049594,0.08330724713804256,0.13023748528465623,1.0,0.533990404578854,0.3545154154295715,0.006603852891562032,0.12197702399350027,0.0899758174066159,0.10994634439899462,0.12179161131160307,0.007093656472685042,0.00561065810882321,-0.05360553079587372,0.20655054570529302,-0.04963413474761544,0.1777125047337054,0.0113865853795714,0.0113865853795714,-0.08642301710784167,-0.09089771234308304,-0.008904770014645368,-0.08707121093969643,,-0.11646105347706,-0.015959032283877402,-0.06571572016534503,-0.12632964492240667,0.02695314915724702,-0.07358450866965331,-0.004402043573399412,-0.027099763837176948,-0.051002440247286694,-0.03518732581088402,-0.017414528324101224,0.19776362877797318,0.10525893509846747
SizeofHeapCommit,-0.11621018511771383,0.36128958893200636,0.36223696260759236,0.004183068518312931,0.4861436962362377,-0.014202236750503902,0.5756766390669326,0.0023511512509002946,0.43788204565014843,0.0029534469400892293,0.002583166273191146,0.02181646443092381,0.017784631436813244,0.13417811413898142,0.1769728823135188,0.155179313268256,0.021028247976366914,0.14590093774359209,0.2622791182128975,0.16513979369538162,0.4115524640261376,0.2885861073335692,0.29100511014277547,0.16655382713031575,0.02418843505389396,0.19884459438284935,0.16205739925055468,0.04965443551033242,0.5589118928312017,0.533990404578854,1.0,0.705058062192228,-0.01824212587902979,0.17520317692858756,0.2665281559856853,0.16264685018902555,0.1429046485223674,0.0013945787609354284,0.001479333631180082,0.17601111114539256,0.16628600046690606,0.16608638085289487,0.1605418710118382,0.0004926850758977036,0.0004926850758977036,-0.15133746194483033,-0.11801771945510801,-0.05390432161427749,-0.1487422538660792,,-0.1403005894525473,-0.009683856568519405,-0.16298951947720178,-0.14481310986253748,0.005747913455177675,-0.1257693825758973,-0.02814374746401219,-0.05315336117959491,-0.021906505648734507,-0.030734086620009947,0.009453409159630296,0.10544836381503411,0.07976858520091992
SizeofHeapReserve,-0.02305498490537445,0.3651098955082111,0.3646049637055626,0.004801600833227109,0.4789234072758472,-0.02202464113828543,0.5626573828276361,0.002698805854109912,0.430393905727546,0.012135389075915248,0.012926808310562345,0.014337227762254448,0.007767625705970809,0.20850243066881602,0.19041178957906243,0.20799863370086882,0.04943021903739201,0.24006928595372076,0.1889026162442593,0.19787133174997723,0.3247734173481002,0.18470667304281904,0.28247495509776693,0.24870717500143474,0.020113522705710093,0.21319909512899046,0.23061395435669546,0.10917349655077269,0.5328009964622157,0.3545154154295715,0.705058062192228,1.0,-0.017482816972635516,0.1877116642928293,0.17831524527050735,0.17869647501714403,0.18848615916206,0.0016007891123927906,0.00169807632005032,0.1862338789112633,0.19783997702281186,0.1744852524157359,0.18807870737636836,0.0005655362948496655,0.0005655362948496655,-0.09809494156511689,-0.09816921964040821,-0.028911454446621365,-0.09516723036844262,,-0.1281420731749722,-0.011436248453765419,-0.12629676742909066,-0.11967724882866208,0.035827090658788,-0.06107692953897018,0.05027780767082527,-0.03847610039589673,0.021064248819568608,0.020833125645564693,0.04067764430258842,0.21090339092358049,0.16890740486306147
LoaderFlags,-0.02449895931348218,0.004773619714017228,0.016468835603892933,-0.0025949286118909028,0.0031547695518243605,0.010788883416464919,0.0035988559258120674,-0.0014585153518606186,0.019157462728512275,-0.0018321440193932398,-0.001602443766395376,-0.004939279957057276,-0.0023556327455560365,-0.005503128996143779,0.015902536353374987,-0.014827937945954212,-0.007782539785593947,-0.014993584640521132,-0.012827732373668303,0.009319079905345194,-0.004305750234098722,-0.011624052398252425,0.01685045923639411,-0.011484031327981687,0.0026490029104924554,0.026662498179133826,0.002558201636961094,-0.0005882462223496079,-0.0010419482436725706,0.006603852891562032,-0.01824212587902979,-0.017482816972635516,1.0,-0.013111706750620396,-0.006498246247802362,0.0022924933242543266,0.010068792137928401,-0.0008651142845124167,-0.0009176911994809655,0.002371204828787688,0.007796249101627498,-0.0013715130516681493,0.006953121868025804,-0.0003056327178246211,-0.0003056327178246211,0.0008765413509392681,0.002116998211728697,-0.005746200192955644,0.0004320580124454563,,-0.007522294336655334,-0.010525081281668682,0.010520562861313231,-0.009523042105562596,0.004901596408075434,0.0004603721793374073,0.0074522918932666835,-0.005121293475223627,-0.0007519224569661269,-0.006981793331270892,-0.009545089555868129,-0.004447783159737721,0.0012045883408934154
text_VirtualSize,0.4545946957179362,0.05202680596805812,0.050525939062205295,0.10938734088070022,0.10929309328799676,0.08401171903399281,0.14874626840816582,0.019084929177684156,0.08350126365365321,0.004211730298582444,0.01951292444942681,0.0858094979533803,-0.0034158576019951235,0.07903681293476633,0.8839336379320243,0.20668842671576207,-0.14366276445582785,0.6108325540188486,0.2012339111813046,0.7062437677549204,0.12605945597581497,0.2085277311525048,0.056516843697731245,0.10328032809266434,-0.1730745163834604,0.6073381297274535,-0.03505623002726072,0.0647772308109894,0.18262247903858347,0.12197702399350027,0.17520317692858756,0.1877116642928293,-0.013111706750620396,1.0,0.19958123372469116,0.9270671049328958,-0.07757196613204598,0.019392114179448916,0.022482018133306303,0.32858576470014206,0.5467707245287092,0.28343940601326495,0.4946804887969222,-0.011592595272402275,-0.011592595272402275,-0.04121571337552145,-0.04279056300379616,0.0014421248260228516,-0.04007514038926144,,0.04615631188180997,0.09700225006034975,0.059829295950774374,-0.030389041085757344,-0.0014137906525251735,-0.013947694074836143,-0.027322578190897354,-0.07371117214653465,-0.08130504253175702,-0.034884161653889745,-0.04228504332636765,0.0183677039303497,0.049498113135896374
text_VirtualAddress,0.18833184382972462,0.1480744131834513,0.14988248105113783,-0.052449867880367276,0.1988303679303223,-0.025218779312233545,0.23685781877922452,-0.027244087790388703,0.2029747137148138,-0.0303682411694718,-0.02514733888969108,-0.02217073539773711,-0.014190161704141818,-0.412619839140199,0.20084297995275732,-0.3227031071467328,-0.13067397773070058,0.3196631231430235,0.7597488162687879,0.13265180418751427,0.030102391527038176,0.8354133179425814,-0.0236955939457934,-0.35851843912187853,-0.2293005855981929,-0.023726399193689362,-0.4907984941655961,-0.3123500071077228,0.10344587631394984,0.0899758174066159,0.2665281559856853,0.17831524527050735,-0.006498246247802362,0.19958123372469116,1.0,0.2138258577954489,-0.4215082233013601,-0.019808546197279422,-0.012205817557359173,-0.01930637194307291,0.02246952542385729,-0.015028274467183118,0.020033994216613102,0.0002127891898426865,0.0002127891898426865,0.0602884679340689,0.015103131717721376,0.007296010156863198,0.051602890073606716,,0.03999167358116718,-0.04241486159791585,0.02647798426247125,-0.06381450029893222,-0.03195907472998599,-0.016769171340751284,-0.01908304990355892,-0.08182905354413819,-0.13423238329360884,-0.0940567784105363,-0.12564417711571985,-0.3438818058812027,-0.4464969611706613
text_SizeOfRawData,0.3804077030327438,0.06004270364635427,0.061936494237637967,0.10347631612095176,0.11081656353794916,0.0731829686926154,0.14788935649423582,0.019262529176507302,0.0881547194059854,0.0055974507467758785,0.01977681457979342,0.07462713995490694,-0.0046703323023664905,0.0983056263218393,0.8241123555388669,0.16950228945139148,-0.13982821182870692,0.5225938378612281,0.20473870750780018,0.6704107131191722,0.08913551064948724,0.21989667847493138,0.06942237458942645,0.05813031188546483,-0.1606852259123144,0.521552787895863,-0.05352739812165256,0.05035229198625397,0.16585890193600042,0.10994634439899462,0.16264685018902555,0.17869647501714403,0.0022924933242543266,0.9270671049328958,0.2138258577954489,1.0,0.026088299485441308,8.942509337430471e-05,0.007546196805468374,0.2893291233264487,0.49021563626485554,0.3473549409526682,0.5529462927832615,-0.010617066884730847,-0.010617066884730847,-0.011706313585668905,-0.02869882039414504,0.004233360745379307,-0.010028214162600316,,0.06760064730959775,0.09845327994716117,0.06970316736921944,0.004201657082478039,0.012438570703233707,0.01404625055277096,-0.01015143412711677,-0.05424357565152915,-0.0593688392537882,-0.022232946467351827,-0.03150965820754076,0.0064191725901597664,0.07478053078043012
text_PointerToRawData,-0.30728290810080205,0.10033075591238724,0.0987228773525582,0.06902000931513654,0.14292162294966973,0.045305402124959565,0.1695246012006429,0.028112401109112,0.12241865310376916,0.021797828888024534,0.028992977410717238,0.047127882133605935,-0.00012525694859083405,0.44974681572152053,-0.0732111818434788,0.3574315766900862,0.09824765402820203,-0.25433885111699317,-0.45379989584567554,-0.066917613047312,0.12937354248822167,-0.5236615130132994,0.5278004466425554,0.22700398390067547,0.19586489421860717,0.0404454721434398,0.7738024926301816,0.22129601150883416,0.12476781145636767,0.12179161131160307,0.1429046485223674,0.18848615916206,0.010068792137928401,-0.07757196613204598,-0.4215082233013601,0.026088299485441308,1.0,0.006613202606232593,0.004881252394099581,0.10028309460149754,0.08682012018608039,0.19251027903472587,0.1840519208756116,0.0021732193735322976,0.0021732193735322976,-0.13386802423203853,-0.11668754077360541,-0.035633978061867626,-0.12463648757506068,,-0.12787857970070887,0.008491000501667937,-0.11932202624383112,-0.05861900675483992,0.03796627922367885,-0.023196252185488393,0.05031002866999052,-0.023933056327363787,0.039108283554899925,0.04718604066632339,0.05573001009121967,0.35928629437557064,0.4851374758320738
text_PointerToRelocations,-0.026790962058151072,-0.0011870423477140953,-0.012538300281375692,-0.005193224961942346,0.006313633411969461,0.012519357451904654,0.007202382502053632,-0.0029189235873195323,0.005617953118018021,-0.003666665823401225,-0.003206967208893393,0.013118955363114635,-0.004714322667426317,0.013373032144742645,-0.012907610985918581,0.02055584997009793,-0.010174184359289606,-0.030054390726493525,-0.02567211277519758,-0.008311319795457111,-0.00357632784224934,-0.019532172380928692,-0.004410788572081361,-0.0092921170356918,0.011621358485518507,0.0032414830085750715,0.0007954249174942774,0.024825335617704898,0.0018905563649186273,0.007093656472685042,0.0013945787609354284,0.0016007891123927906,-0.0008651142845124167,0.019392114179448916,-0.019808546197279422,8.942509337430471e-05,0.006613202606232593,1.0,0.7854837466590219,0.030727295264184815,0.021977136220795893,0.03477631168848837,0.01879243025768168,0.23533701745412644,0.23533701745412644,-0.0021369819218924266,-0.00102732059846788,0.0019768410057705954,-0.00256484102186203,,-0.013227394603917423,-0.008092796817351948,0.010933784563052903,-0.0224276459499325,-0.00934478610056041,0.0031361269059006925,0.00886491033720521,-0.015224679325282157,0.0028003768952625063,0.004151967514698914,-0.006237524484946315,-0.01400464775406294,-0.010328899416106993
text_PointerToLineNumbers,-0.020043480070887,-0.010717293496206896,0.0005115520785532719,-0.0055088407737775135,0.006697341521968819,0.010661897221261962,-0.001830409623195904,-0.0030963197995860833,0.005959381584373539,-0.0038895057194314963,-0.00340186913719058,0.011250245138290585,-0.005000833416880966,0.002532326152550039,-0.0027014716855959546,0.017205076125239305,-0.011429831138523198,-0.022256051439418743,-0.014673368104147719,-0.00618069146195609,0.0003937090538686839,-0.010629251834117325,-0.010458297913363897,-0.00775393395225562,0.017950684680828437,0.0033762081721241924,-0.00336699205599183,0.0363531630715189,-0.008264007317094374,0.00561065810882321,0.001479333631180082,0.00169807632005032,-0.0009176911994809655,0.022482018133306303,-0.012205817557359173,0.007546196805468374,0.004881252394099581,0.7854837466590219,1.0,0.02558906944731834,0.017667560508119615,0.02882086255873415,0.0172176919620765,0.22213408621230832,0.22213408621230832,-0.0071748245243045405,-0.0006502514457823684,-0.0061995755561464645,-0.005613535870462449,,-0.0067414708330323855,-0.005964558157642254,0.0075381940738297615,-0.020402411316339034,-0.010539436415264582,-0.0030436088962070913,0.008509387033333211,-0.015173627758994761,0.007435551675820027,0.005980675996302793,-0.0036420206948712644,-0.0161163975797669,-0.012395678979272294
rdata_VirtualSize,0.1161554731292598,0.2736391463207663,0.2646937008300602,0.11252237665189724,0.09225152110896015,-0.2197737520236542,0.1438644522618818,0.0038493555453575213,0.06703662794525915,0.0027723607027354004,0.013553651340965815,-0.22381670632079212,0.00384102671647029,0.18829745557665734,0.2939728216173986,0.30896460441489443,-0.10334276911946455,0.20272188363859342,0.00807210061340503,0.20649984136053745,0.23189936601590594,9.390429152503449e-05,0.09969794612025555,0.32155708345745376,-0.1114603578905488,0.2979553470672314,0.12490709503729996,0.16057190023523754,0.1481201239969172,-0.05360553079587372,0.17601111114539256,0.1862338789112633,0.002371204828787688,0.32858576470014206,-0.01930637194307291,0.2893291233264487,0.10028309460149754,0.030727295264184815,0.02558906944731834,1.0,0.5743733906825718,0.8981262303645894,0.523840773223384,0.0015544493411854962,0.0015544493411854962,-0.15893011110911281,-0.12732368234648506,-0.02105514716018243,-0.155086474209399,,-0.06417321350463151,-0.012290724921662482,-0.060731862253436804,-0.1372827524324492,-0.05838588958362407,-0.12020423604017458,-0.045456975809409716,-0.12935263214219012,-0.1225717602284155,-0.06046889166254443,-0.05329357216714527,0.10525865482223255,0.16707499468228457
rdata_VirtualAddress,0.23600219518539106,-0.004426956717017358,-0.002623419576002468,0.1100801014330665,0.10376568466015312,0.13940074561517232,0.13953027371668894,0.02437187783278386,0.07690517449818822,0.012247423581642826,0.023893722164258228,0.14062901585065593,0.01462717815139243,0.21686934608132685,0.5087391520152567,0.2862795285202792,-0.11556685004152471,0.34030525606899675,0.016248651471569724,0.40009344515493994,0.15842458717956978,-0.007555209223375994,0.07341829749362642,0.21602098493277863,-0.13830316135515752,0.3638830227340387,0.127842652955728,0.1420377071363153,0.14872055761390757,0.20655054570529302,0.16628600046690606,0.19783997702281186,0.007796249101627498,0.5467707245287092,0.02246952542385729,0.49021563626485554,0.08682012018608039,0.021977136220795893,0.017667560508119615,0.5743733906825718,1.0,0.49703689716190885,0.8871540541972338,0.003966964938820004,0.003966964938820004,-0.13306629435133308,-0.1397342867793288,0.02434561387491756,-0.12940525318614882,,-0.07535203151771792,-0.0008234928310688357,-0.014824162454734568,-0.16478124768801197,-0.02385470281554357,-0.09044991763714305,0.014909151748194328,-0.1122453000483352,-0.10467936587343381,-0.04587749721171185,-0.034415262727773926,0.14610726603021462,0.18442612596902416
rdata_SizeOfRawData,0.04357094449327844,0.26311262388853435,0.25536639208003653,0.09981415660675798,0.09293690370150388,-0.2116755657241435,0.14197111426879339,-0.003544414334412526,0.06728122930859771,-0.002298436256200902,0.008778620801082066,-0.2151211905596619,-0.0027808688788338544,0.22230109392409222,0.2509807965927805,0.27643877450777005,-0.0951516427992822,0.11650264184929018,-0.0004693395702132714,0.18584916339276744,0.19016757146074473,0.0020467903439817217,0.11236825657340416,0.27107127879947657,-0.09873420512024658,0.2238472795898265,0.11828540940213055,0.14318477258478543,0.13519252695691852,-0.04963413474761544,0.16608638085289487,0.1744852524157359,-0.0013715130516681493,0.28343940601326495,-0.015028274467183118,0.3473549409526682,0.19251027903472587,0.03477631168848837,0.02882086255873415,0.8981262303645894,0.49703689716190885,1.0,0.6260576699648682,0.00023667432860625137,0.00023667432860625137,-0.11311463127685449,-0.10300099275716977,-0.015261005243757541,-0.10864018817746678,,-0.0322892359395424,-0.0070770794447778665,-0.03057845603272006,-0.08431999720352668,-0.03626892941070522,-0.07592124800833444,-0.016655653420143836,-0.09635434742819034,-0.09134820392149631,-0.03786416880575197,-0.03763081983782408,0.09908400108139162,0.19889592284963342
rdata_PointerToRawData,0.16006308887493248,0.019832964349304684,0.020438815733969988,0.10017621328628597,0.10548436781868387,0.10460722415989723,0.13671599988478797,0.020558045943212082,0.07796358340507561,0.01066575274519261,0.023667866959760555,0.10515978045488787,0.006767309187382302,0.24413222264063036,0.4609977163969481,0.2554709791138185,-0.1168228993161931,0.24981228741074063,0.010701130191889365,0.37872151427115724,0.12263028982563223,-0.0011841798521204391,0.08718828789116348,0.17683521891108608,-0.13823723928546525,0.2898051042302088,0.11996285016470931,0.1254539985094789,0.13993714564714516,0.1777125047337054,0.1605418710118382,0.18807870737636836,0.006953121868025804,0.4946804887969222,0.020033994216613102,0.5529462927832615,0.1840519208756116,0.01879243025768168,0.0172176919620765,0.523840773223384,0.8871540541972338,0.6260576699648682,1.0,0.005057523640325505,0.005057523640325505,-0.08670752283127597,-0.1139278209636993,0.022696457850773174,-0.08385753055867921,,-0.03603414096321944,0.010347798453219096,0.013260463629214753,-0.10176031707936725,-0.0030981260002593608,-0.04396950791921909,0.035566635193810855,-0.08064441295193736,-0.0743809911418337,-0.025579163226256776,-0.019342215236458144,0.13617653110090888,0.21955232429062524
rdata_PointerToRelocations,-0.0073584280787296905,-0.012876620957650353,-0.012470518354059918,-0.0018346933900041532,0.0022305179484305073,0.017736291730613047,0.0025445005108842957,-0.0010312146788995218,0.001984743878132679,-0.0012953815016386822,-0.0011329764420442408,0.018190612276212735,-0.0016655039401641538,0.018330510214545372,0.0017302773843234029,0.010988032727807134,-0.005502492144348002,-0.006878053040961004,-0.009069596630468304,0.0029175393106518417,-0.0030442962697741784,-0.00821855830731126,-0.003483086703772265,0.006697702636290795,0.011246123606463277,0.011727510009265491,0.0033162856857648295,-0.005327476017151728,-0.0011775740338461427,0.0113865853795714,0.0004926850758977036,0.0005655362948496655,-0.0003056327178246211,-0.011592595272402275,0.0002127891898426865,-0.010617066884730847,0.0021732193735322976,0.23533701745412644,0.22213408621230832,0.0015544493411854962,0.003966964938820004,0.00023667432860625137,0.005057523640325505,1.0,1.0,-0.0031423309584526285,-0.009288826444919936,-0.004062738166802233,-0.0034317596641408213,,-0.010216843699309931,-0.0074415523295119565,-0.006405661312774585,-0.0005854081327543579,-0.0051777708598138876,-0.0016788266720440253,0.0008550785753488752,-0.00038840595967936124,0.0016042966825891298,0.0010492242063547751,-0.006748668396849601,-0.0055452218921176145,-0.004255463304253541
rdata_PointerToLineNumbers,-0.0073584280787296905,-0.012876620957650353,-0.012470518354059918,-0.0018346933900041532,0.0022305179484305073,0.017736291730613047,0.0025445005108842957,-0.0010312146788995218,0.001984743878132679,-0.0012953815016386822,-0.0011329764420442408,0.018190612276212735,-0.0016655039401641538,0.018330510214545372,0.0017302773843234029,0.010988032727807134,-0.005502492144348002,-0.006878053040961004,-0.009069596630468304,0.0029175393106518417,-0.0030442962697741784,-0.00821855830731126,-0.003483086703772265,0.006697702636290795,0.011246123606463277,0.011727510009265491,0.0033162856857648295,-0.005327476017151728,-0.0011775740338461427,0.0113865853795714,0.0004926850758977036,0.0005655362948496655,-0.0003056327178246211,-0.011592595272402275,0.0002127891898426865,-0.010617066884730847,0.0021732193735322976,0.23533701745412644,0.22213408621230832,0.0015544493411854962,0.003966964938820004,0.00023667432860625137,0.005057523640325505,1.0,1.0,-0.0031423309584526285,-0.009288826444919936,-0.004062738166802233,-0.0034317596641408213,,-0.010216843699309931,-0.0074415523295119565,-0.006405661312774585,-0.0005854081327543579,-0.0051777708598138876,-0.0016788266720440253,0.0008550785753488752,-0.00038840595967936124,0.0016042966825891298,0.0010492242063547751,-0.006748668396849601,-0.0055452218921176145,-0.004255463304253541
registry_read,-0.005269490978172374,-0.04587279164499896,-0.045358742386785264,-0.0794537735375613,-0.03242186346832185,-0.006984130757868743,-0.05980651112262153,-0.01456042453184277,-0.024702220022523994,-0.015088050416408021,-0.01307827112513973,-0.003766698213551145,-0.024038476316523862,-0.11735818642280467,-0.05063709854954304,-0.046974366042432075,0.023655396022124936,-0.0241921567808767,0.06850699428005501,0.006401821663530653,-0.3048347328393336,0.1043194890423909,-0.1041436605630827,-0.18041092546218163,0.01695746373066865,-0.01409906052920833,-0.17748603567271648,-0.06817453016923211,-0.19189559779950163,-0.08642301710784167,-0.15133746194483033,-0.09809494156511689,0.0008765413509392681,-0.04121571337552145,0.0602884679340689,-0.011706313585668905,-0.13386802423203853,-0.0021369819218924266,-0.0071748245243045405,-0.15893011110911281,-0.13306629435133308,-0.11311463127685449,-0.08670752283127597,-0.0031423309584526285,-0.0031423309584526285,1.0,0.512681846562209,0.24322419991176658,0.9942630410721826,,0.5206865777765511,0.3945736651546758,0.4480590567055315,0.6818138496517696,0.2978852986099928,0.6906932059149473,0.4883358853185225,0.5506051819053993,0.5033952616700335,0.43749210341155514,0.39563903037691334,-0.04629018467937325,-0.004309637572527588
registry_write,0.010065943116868007,-0.02307158581443548,-0.022986453480403516,-0.054696538232285506,-0.055551823581844684,-0.03967514305714277,-0.0846586770817481,-0.00575038719280759,-0.04978368630140681,-0.010080130462665829,-0.008400752591891505,-0.036634265445614315,-0.014438063893750802,-0.10915827256190236,-0.051290187661816956,-0.06120288084718416,0.014042862343910495,-0.025745934283072352,0.020396134543476507,-0.014194496014474105,-0.16879178251520308,0.047196115384513834,-0.07977368489899972,-0.13196461038307072,0.013134821346214473,-0.027260465092329336,-0.14259179604571112,-0.06138611904557181,-0.1261065316911593,-0.09089771234308304,-0.11801771945510801,-0.09816921964040821,0.002116998211728697,-0.04279056300379616,0.015103131717721376,-0.02869882039414504,-0.11668754077360541,-0.00102732059846788,-0.0006502514457823684,-0.12732368234648506,-0.1397342867793288,-0.10300099275716977,-0.1139278209636993,-0.009288826444919936,-0.009288826444919936,0.512681846562209,1.0,0.3314294248920751,0.5107878353145288,,0.3315818162894163,0.28037100416114297,0.24713503516388638,0.402942986753129,0.0712629438344801,0.377674700454206,0.20619248486637004,0.3709446269062071,0.3245088935154678,0.26415323016328257,0.15709140657629958,-0.052802360651238514,-0.03701937029382054
registry_delete,0.004227979716294007,-0.04574808535684486,-0.04508477100756094,-0.0205213802649893,-0.025317182221410526,0.02581315882849124,-0.04116286105880583,0.00079545366063493,-0.026845169034417683,0.0016473941639438114,-0.002750060853966059,0.027364345434156466,-0.0009732195054325317,-0.006322015837230569,-0.0028534781871824705,0.023376549249445815,-0.03426131897535369,-0.0013356763156333077,0.0005920549578589926,0.01107195075765837,-0.08373145481186349,0.006789827503002764,-0.04225699528760189,-0.02478174477048616,-0.030464142134978427,-0.010519128622561482,-0.041543669717962216,-0.013874281603322661,-0.04550123167918797,-0.008904770014645368,-0.05390432161427749,-0.028911454446621365,-0.005746200192955644,0.0014421248260228516,0.007296010156863198,0.004233360745379307,-0.035633978061867626,0.0019768410057705954,-0.0061995755561464645,-0.02105514716018243,0.02434561387491756,-0.015261005243757541,0.022696457850773174,-0.004062738166802233,-0.004062738166802233,0.24322419991176658,0.3314294248920751,1.0,0.24212880831427627,,0.1541688168739988,0.09430250697807566,0.19562922844982814,0.09130002713965064,0.04033653624995311,0.19255182425076747,0.1873353553066878,0.11441326929362208,0.12258549291201765,0.12708979514756194,0.06693988161951296,-0.07169677306655171,-0.0532424138655087
registry_total,-0.012084944905122623,-0.04294210682584892,-0.04134232519969054,-0.07859215040002346,-0.030076995859332607,-0.00897291367960188,-0.05705347955994767,-0.015527217094094256,-0.023567974851765417,-0.01582032866383208,-0.014204552296088857,-0.004378285119443207,-0.022370381464884563,-0.10951708895588871,-0.049732506059334776,-0.0364758224738256,0.02496466492545143,-0.03025249551687766,0.05990082720371362,0.008647621470422605,-0.30326960116312585,0.09499799484618672,-0.09867431624707165,-0.17248428238772576,0.01916846251988901,-0.00823518291056577,-0.1677694950077296,-0.057410821043174014,-0.19048408128030334,-0.08707121093969643,-0.1487422538660792,-0.09516723036844262,0.0004320580124454563,-0.04007514038926144,0.051602890073606716,-0.010028214162600316,-0.12463648757506068,-0.00256484102186203,-0.005613535870462449,-0.155086474209399,-0.12940525318614882,-0.10864018817746678,-0.08385753055867921,-0.0034317596641408213,-0.0034317596641408213,0.9942630410721826,0.5107878353145288,0.24212880831427627,1.0,,0.5301321351948926,0.404045210573454,0.45141230520168285,0.6932029437704172,0.30702443562153936,0.6979671514992118,0.4976253431985345,0.5606551338432562,0.508312362255318,0.4439764714884134,0.40282364255334635,-0.03833474556837763,0.006395005808371919
network_threats,,,,,,,,,,,,,,,,,,,,,,,,,,,,,,,,,,,,,,,,,,,,,,,,,,,,,,,,,,,,,,,
network_dns,0.06034622120421999,-0.042326411604115176,-0.03978814690733559,-0.03607262392245785,-0.07721371257714542,-0.033745060742011675,-0.09947753691576776,-0.020091557569207098,-0.07629218384431626,-0.02996082382275144,-0.019777722584421616,-0.029321649617389624,-0.0364852082175658,-0.08318553318420606,0.03868007398546027,-0.02540872642274287,-0.08167773240836894,0.003235315362167083,0.041828956458518605,0.06797212544856207,-0.16080210546595242,0.08101595227829533,-0.08099672230123456,-0.1071664887756321,-0.08437824870778671,0.014511530212664304,-0.16764612608520696,-0.0747333961678314,-0.12685310473815647,-0.11646105347706,-0.1403005894525473,-0.1281420731749722,-0.007522294336655334,0.04615631188180997,0.03999167358116718,0.06760064730959775,-0.12787857970070887,-0.013227394603917423,-0.0067414708330323855,-0.06417321350463151,-0.07535203151771792,-0.0322892359395424,-0.03603414096321944,-0.010216843699309931,-0.010216843699309931,0.5206865777765511,0.3315818162894163,0.1541688168739988,0.5301321351948926,,1.0,0.5696157785626063,0.5942467180259091,0.5218139682012373,0.19367115340585145,0.4484919183021681,0.28159670171390005,0.3028598060088761,0.3352437182587059,0.2988212435009045,0.25663653471722997,-0.06852777914899623,-0.014446730475552063
network_http,0.0021066012966766572,0.03304228812638453,0.033744183501429,-0.04848305421953213,0.03747112314744447,-0.026647958020688665,0.02949970718121636,-0.016961862957271562,0.034607863614948685,-0.02425396135763025,-0.01581814979880816,-0.023812097207478712,-0.036802343062509756,0.020782164394803296,0.10000052366066879,0.09909550388493185,-0.03841568982202343,0.017748072109584106,-0.03138428299531382,0.12736978171265628,-0.0873612505318893,-0.005284696275591458,0.062094724785013045,-0.01694130606844233,-0.03208362744468918,0.11971251095795973,0.002680635108279926,0.03688637618423788,-0.052125576960869946,-0.015959032283877402,-0.009683856568519405,-0.011436248453765419,-0.010525081281668682,0.09700225006034975,-0.04241486159791585,0.09845327994716117,0.008491000501667937,-0.008092796817351948,-0.005964558157642254,-0.012290724921662482,-0.0008234928310688357,-0.0070770794447778665,0.010347798453219096,-0.0074415523295119565,-0.0074415523295119565,0.3945736651546758,0.28037100416114297,0.09430250697807566,0.404045210573454,,0.5696157785626063,1.0,0.48796177540298535,0.4464021406164002,0.18511682818664998,0.346477349302518,0.178801878614459,0.2833780780681329,0.3273909021576479,0.32741283756232475,0.3313653573379444,0.05106810969795247,0.11319054669984904
network_connections,0.0898488937807214,-0.08693852017945095,-0.08795103779344783,-0.057580437113894545,-0.0828135669705323,0.004387850934607612,-0.11799389184566161,-0.021480732855569815,-0.08467476101224526,-0.026520507061562188,-0.017042040728734074,0.008029715785360155,-0.03575910511318403,-0.06411399426724824,0.05154688944004321,0.012732034772733412,-0.04495631294797154,0.03953485400211444,0.03689151621357951,0.08587533354168636,-0.23674087306274236,0.06321125302215426,-0.06351331237373659,-0.14657178151047992,-0.06251452448750695,0.05538164136504388,-0.14059944729211457,-0.04148468307753274,-0.15888126082889065,-0.06571572016534503,-0.16298951947720178,-0.12629676742909066,0.010520562861313231,0.059829295950774374,0.02647798426247125,0.06970316736921944,-0.11932202624383112,0.010933784563052903,0.0075381940738297615,-0.060731862253436804,-0.014824162454734568,-0.03057845603272006,0.013260463629214753,-0.006405661312774585,-0.006405661312774585,0.4480590567055315,0.24713503516388638,0.19562922844982814,0.45141230520168285,,0.5942467180259091,0.48796177540298535,1.0,0.4248145980124124,0.15614105013456084,0.39263405963323933,0.2633930229712422,0.2626374345991967,0.21093527543459256,0.23266130310879815,0.1443537269710452,-0.16318594564561248,-0.1094324597386959
processes_malicious,-0.025882446254411044,0.02033689635916437,0.021519353507161828,-0.06627233762105222,-0.050614078229569315,-0.09281220067874561,-0.0649454950015294,-0.02632731445347372,-0.047543919096518596,-0.0336112469984184,-0.030375793896865684,-0.0881674998534802,-0.050246733521249164,-0.07069922747847797,-0.04657395205132433,0.012106053774469338,-0.052112364956772295,-0.0633486113604882,-0.060293346873680764,0.0026280623407644215,-0.22887579519092593,-0.0061888383831195486,-0.04515369123293066,-0.0908648020357942,-0.03085358469491531,0.007300558678686646,-0.10620398852487617,-0.02825712733483537,-0.2168009596500903,-0.12632964492240667,-0.14481310986253748,-0.11967724882866208,-0.009523042105562596,-0.030389041085757344,-0.06381450029893222,0.004201657082478039,-0.05861900675483992,-0.0224276459499325,-0.020402411316339034,-0.1372827524324492,-0.16478124768801197,-0.08431999720352668,-0.10176031707936725,-0.0005854081327543579,-0.0005854081327543579,0.6818138496517696,0.402942986753129,0.09130002713965064,0.6932029437704172,,0.5218139682012373,0.4464021406164002,0.4248145980124124,1.0,0.3502633898025881,0.7313124202080298,0.4419570971439964,0.703062689028657,0.5273900666417645,0.4432846536569053,0.4499191514964033,0.01770456340043059,0.09099886219813284
processes_suspicious,-0.030433304728738373,0.019343101684196843,0.020761518359968343,-0.021120871321882125,0.032603136015142344,-0.002345264064015749,0.04392824354800495,-0.018385028557249647,0.02953227328338618,-0.023219584844626846,-0.021375988438363372,-0.00027059946904625106,-0.025889068163270926,0.01304333336580376,-0.01179724607593297,0.029947640183072097,-0.04376171940508361,-0.014647797490963316,-0.04141792342593423,0.003104692507523257,-0.055545539502112,-0.024093194895403094,0.0012882608857200583,0.031013249933983394,-0.017032270474890466,0.007344756068611087,0.011902027770119245,0.05283256543128563,-0.05295509207911661,0.02695314915724702,0.005747913455177675,0.035827090658788,0.004901596408075434,-0.0014137906525251735,-0.03195907472998599,0.012438570703233707,0.03796627922367885,-0.00934478610056041,-0.010539436415264582,-0.05838588958362407,-0.02385470281554357,-0.03626892941070522,-0.0030981260002593608,-0.0051777708598138876,-0.0051777708598138876,0.2978852986099928,0.0712629438344801,0.04033653624995311,0.30702443562153936,,0.19367115340585145,0.18511682818664998,0.15614105013456084,0.3502633898025881,1.0,0.4076533986641556,0.3563746293833922,0.3464874847985559,0.27075207273975516,0.26413677322822454,0.3001140044543796,0.06032221904520008,0.0776719261512865
processes_monitored,-0.03134512241544525,-0.00623075038364495,-0.0020468317381446177,-0.09064131020632285,0.012632860069852137,-0.017949805162415264,-0.00967701348972279,-0.01858089234118238,0.02111273255832321,-0.026435036366787054,-0.020846162209710754,-0.014036248121708852,-0.03458355897148839,-0.04043109614800422,-0.02652157225051195,-0.021213297718170463,-0.078915399576255,-0.04070581223031927,-0.025719650207833858,0.04116490304292434,-0.2733583332285741,-0.004065508107251724,-0.03177415614883204,-0.056998917189704096,-0.0882973171961522,-0.03334206460279684,-0.07004876668175251,-0.030777564284927537,-0.17657807225205255,-0.07358450866965331,-0.1257693825758973,-0.06107692953897018,0.0004603721793374073,-0.013947694074836143,-0.016769171340751284,0.01404625055277096,-0.023196252185488393,0.0031361269059006925,-0.0030436088962070913,-0.12020423604017458,-0.09044991763714305,-0.07592124800833444,-0.04396950791921909,-0.0016788266720440253,-0.0016788266720440253,0.6906932059149473,0.377674700454206,0.19255182425076747,0.6979671514992118,,0.4484919183021681,0.346477349302518,0.39263405963323933,0.7313124202080298,0.4076533986641556,1.0,0.7955293833643883,0.5943789779455785,0.5496533110778611,0.4777059622200106,0.4682601554157588,0.0315511348901212,0.05793879801941181
total_procsses,-0.07264891312498267,0.02859561344464636,0.03322268155886629,-0.0702955211727901,0.09394843642267126,0.02197423773207579,0.08575469635902967,-0.0012114872458867945,0.10546756834410323,-0.0036792782935732887,-0.0017162074240762392,0.023936091511615302,-0.009175491548896396,0.04353626532018898,-0.03453893274547692,0.030693073174723765,-0.08113381023488787,-0.036186806575718725,-0.024295890256493063,0.01593547813671742,-0.20238319036627184,-0.02776988033547388,0.019444307350927698,0.05280461581646639,-0.10943890535415135,-0.042360015219121985,0.026753521680262057,0.024260784632851445,-0.0782575508660944,-0.004402043573399412,-0.02814374746401219,0.05027780767082527,0.0074522918932666835,-0.027322578190897354,-0.01908304990355892,-0.01015143412711677,0.05031002866999052,0.00886491033720521,0.008509387033333211,-0.045456975809409716,0.014909151748194328,-0.016655653420143836,0.035566635193810855,0.0008550785753488752,0.0008550785753488752,0.4883358853185225,0.20619248486637004,0.1873353553066878,0.4976253431985345,,0.28159670171390005,0.178801878614459,0.2633930229712422,0.4419570971439964,0.3563746293833922,0.7955293833643883,1.0,0.4210206311217585,0.4381694334728912,0.4100412915614534,0.41338032719146767,0.07792240239923674,0.08897558942153191
files_malicious,-0.10069619781702317,0.016489677876805206,0.018020192719378596,-0.056669004454016764,0.009461188094090934,-0.03248469199626558,0.018906308562019827,-0.027905436471054933,0.013260084542253126,-0.02856488628210067,-0.032464885296899886,-0.029960862231442842,-0.03752270852933674,-0.028832047450512818,-0.0839472370774368,0.08760253286314335,0.03063208234621096,-0.09521668773285147,-0.08261483331772923,-0.0379554505407142,-0.13298590658933424,-0.042907541886669384,-0.05068049247027549,-0.06084323177238319,0.0787280313384665,0.06189666296780994,-0.05176085445859267,0.08999376189855829,-0.1401176170413199,-0.027099763837176948,-0.05315336117959491,-0.03847610039589673,-0.005121293475223627,-0.07371117214653465,-0.08182905354413819,-0.05424357565152915,-0.023933056327363787,-0.015224679325282157,-0.015173627758994761,-0.12935263214219012,-0.1122453000483352,-0.09635434742819034,-0.08064441295193736,-0.00038840595967936124,-0.00038840595967936124,0.5506051819053993,0.3709446269062071,0.11441326929362208,0.5606551338432562,,0.3028598060088761,0.2833780780681329,0.2626374345991967,0.703062689028657,0.3464874847985559,0.5943789779455785,0.4210206311217585,1.0,0.5407862814588732,0.4719449473689416,0.4209371366814262,0.06522999903743247,0.13071543372884273
files_suspicious,-0.12236909394529641,0.03937213115694506,0.04251937252996631,-0.052948402323755486,0.052259175784361296,-0.02368702674775712,0.046193352488300574,-0.011180591138062851,0.05108485917551159,-0.012625334786189319,-0.013430533888172039,-0.018486227319657784,-0.028248567006991132,0.023897216217812645,-0.07490377631493911,0.049288066869853084,0.06520975980410283,-0.09702727652552944,-0.11478798211688894,-0.03139881133040705,-0.08133585695942873,-0.10535129432403717,-0.041345612431942215,0.054367320394724736,0.09110932361240902,-0.026132100960628964,0.020109421559988735,0.036579219382120685,-0.05642831304187265,-0.051002440247286694,-0.021906505648734507,0.021064248819568608,-0.0007519224569661269,-0.08130504253175702,-0.13423238329360884,-0.0593688392537882,0.039108283554899925,0.0028003768952625063,0.007435551675820027,-0.1225717602284155,-0.10467936587343381,-0.09134820392149631,-0.0743809911418337,0.0016042966825891298,0.0016042966825891298,0.5033952616700335,0.3245088935154678,0.12258549291201765,0.508312362255318,,0.3352437182587059,0.3273909021576479,0.21093527543459256,0.5273900666417645,0.27075207273975516,0.5496533110778611,0.4381694334728912,0.5407862814588732,1.0,0.6248991488273801,0.7012221381520917,0.1104484802714654,0.1483501767008251
files_text,-0.06679798121107784,0.025596967992010937,0.02779509804630039,-0.0560093431693583,0.04201336675201746,-0.017433105408078416,0.03644262134612309,-0.008937819784701527,0.04183883135797409,-0.010816203636002617,-0.014914477262017233,-0.015256885118418115,-0.0238526998676138,0.03681060013053259,-0.033821039499159364,0.07188566549031616,0.03316262987593142,-0.05109630419459557,-0.09213642721178988,0.0008281174399638053,-0.08625777711827108,-0.09785710900788813,-0.03692824289121806,0.05653995639580597,0.0026672039049838838,0.014748401756315326,0.029572593599056594,0.03918472247222187,-0.060452077978127766,-0.03518732581088402,-0.030734086620009947,0.020833125645564693,-0.006981793331270892,-0.034884161653889745,-0.0940567784105363,-0.022232946467351827,0.04718604066632339,0.004151967514698914,0.005980675996302793,-0.06046889166254443,-0.04587749721171185,-0.03786416880575197,-0.025579163226256776,0.0010492242063547751,0.0010492242063547751,0.43749210341155514,0.26415323016328257,0.12708979514756194,0.4439764714884134,,0.2988212435009045,0.32741283756232475,0.23266130310879815,0.4432846536569053,0.26413677322822454,0.4777059622200106,0.4100412915614534,0.4719449473689416,0.6248991488273801,1.0,0.6302463577114811,0.0718094604892674,0.11220860612638099
files_unknown,-0.08335363300453616,0.05279926465054353,0.052280080747927,-0.04217715960985464,0.07061203509797671,-0.014310756258913416,0.06800685099374576,-0.011179356704452028,0.06780222010393408,-0.019449125911586443,-0.013496651867445652,-0.012437734687941722,-0.0356823335008065,0.07156956398858011,-0.03967926504840748,0.0629621003706383,-0.04848989542683151,-0.06517218789261205,-0.10444129544212812,-0.008404254687526957,-0.03333246798102958,-0.10091864012396215,-0.02913815307115598,0.15501340838291044,-0.06628933751424425,-0.02503515812224422,0.04881480933163871,0.052334604732400744,-0.026078780611233636,-0.017414528324101224,0.009453409159630296,0.04067764430258842,-0.009545089555868129,-0.04228504332636765,-0.12564417711571985,-0.03150965820754076,0.05573001009121967,-0.006237524484946315,-0.0036420206948712644,-0.05329357216714527,-0.034415262727773926,-0.03763081983782408,-0.019342215236458144,-0.006748668396849601,-0.006748668396849601,0.39563903037691334,0.15709140657629958,0.06693988161951296,0.40282364255334635,,0.25663653471722997,0.3313653573379444,0.1443537269710452,0.4499191514964033,0.3001140044543796,0.4682601554157588,0.41338032719146767,0.4209371366814262,0.7012221381520917,0.6302463577114811,1.0,0.12380677467213184,0.15100063580875858
dlls_calls,-0.02696984250950502,-0.0037797887741828524,-0.0012196188172022757,-0.04029643920992686,0.15541595747608747,0.10471387844333985,0.15342188135238438,-0.010903373672670143,0.14481990691120095,-0.0228036934447708,-0.020996801138250632,0.1108553616273338,0.007344096095572865,0.4380019144278075,0.04531012638045487,0.34387992103697484,0.1629635223553547,0.03385071332547882,-0.3449887901914359,0.06611053361599203,0.18230162057654853,-0.44174788781273583,0.1384503850345673,0.299938068323853,0.062018867278485365,0.17472092962327454,0.4378922687801403,0.20600398650028884,0.06746776878010535,0.19776362877797318,0.10544836381503411,0.21090339092358049,-0.004447783159737721,0.0183677039303497,-0.3438818058812027,0.0064191725901597664,0.35928629437557064,-0.01400464775406294,-0.0161163975797669,0.10525865482223255,0.14610726603021462,0.09908400108139162,0.13617653110090888,-0.0055452218921176145,-0.0055452218921176145,-0.04629018467937325,-0.052802360651238514,-0.07169677306655171,-0.03833474556837763,,-0.06852777914899623,0.05106810969795247,-0.16318594564561248,0.01770456340043059,0.06032221904520008,0.0315511348901212,0.07792240239923674,0.06522999903743247,0.1104484802714654,0.0718094604892674,0.12380677467213184,1.0,0.8534620605804575
apis,-0.16489245916330514,0.0634897650022662,0.06622754808550303,-0.018878919132037444,0.14653878955700084,0.022158112722604307,0.15271521047808734,-0.017556176529737805,0.11160393130110248,-0.030599119914115912,-0.029486921253070706,0.026246023007098426,-0.039151456188819364,0.4688757718656038,0.05250335813163634,0.4435892719060983,0.08677261201412577,-0.10891276520464452,-0.4906838052308978,0.048932691524732015,0.1460299496401136,-0.5034988152837004,0.22576650711852767,0.31051561989240395,0.16252139949080044,0.1733051062848587,0.4725644480873188,0.2729771052559756,0.05394102864333312,0.10525893509846747,0.07976858520091992,0.16890740486306147,0.0012045883408934154,0.049498113135896374,-0.4464969611706613,0.07478053078043012,0.4851374758320738,-0.010328899416106993,-0.012395678979272294,0.16707499468228457,0.18442612596902416,0.19889592284963342,0.21955232429062524,-0.004255463304253541,-0.004255463304253541,-0.004309637572527588,-0.03701937029382054,-0.0532424138655087,0.006395005808371919,,-0.014446730475552063,0.11319054669984904,-0.1094324597386959,0.09099886219813284,0.0776719261512865,0.05793879801941181,0.08897558942153191,0.13071543372884273,0.1483501767008251,0.11220860612638099,0.15100063580875858,0.8534620605804575,1.0
