feature,importance
numeric__processes_malicious,0.32849031750105295
numeric__files_malicious,0.08833504446989059
numeric__registry_total,0.07929514486375545
numeric__registry_read,0.06074421273801673
numeric__processes_monitored,0.04132053454718204
numeric__network_dns,0.03884103359966949
numeric__files_suspicious,0.03383872720029935
numeric__registry_write,0.026604882287734305
numeric__network_connections,0.026343336507381986
numeric__network_http,0.02305808148496366
numeric__files_text,0.02147824793461585
numeric__files_unknown,0.019971760045030994
numeric__total_procsses,0.01674358869131169
categorical__Subsystem_IMAGE_SUBSYSTEM_WINDOWS_CUI,0.009859097729541572
numeric__rdata_VirtualSize,0.008614829672667457
numeric__rdata_SizeOfRawData,0.008359642108058752
numeric__rdata_VirtualAddress,0.007697099713926398
numeric__EntryPoint,0.0076242231843483
numeric__rdata_PointerToRawData,0.007355367400663344
numeric__text_VirtualSize,0.007152564130715034
numeric__AddressOfEntryPoint,0.006622639185419692
numeric__SizeOfImage,0.006453800264067029
numeric__OperatingSystemVersion,0.006410427176119966
numeric__apis,0.0062686155194250056
numeric__text_SizeOfRawData,0.006016430055722761
numeric__SizeOfCode,0.005755958410073906
numeric__SizeOfInitializedData,0.00568173985758046
numeric__address_of_ne_header,0.005658520101021874
categorical__Subsystem_IMAGE_SUBSYSTEM_WINDOWS_GUI,0.005450705064755002
numeric__BaseOfData,0.004793678935669696
categorical__PEType_PE32,0.004699121874549056
numeric__dlls_calls,0.004688066444005048
"categorical__DllCharacteristics_['IMAGE_DLLCHARACTERISTICS_DYNAMIC_BASE', 'IMAGE_DLLCHARACTERISTICS_HIGH_ENTROPY_VA', 'IMAGE_DLLCHARACTERISTICS_NO_SEH', 'IMAGE_DLLCHARACTERISTICS_NX_COMPAT', 'IMAGE_DLLCHARACTERISTICS_TERMINAL_SERVER_AWARE']",0.003998479451728075
categorical__Magic_PE32+,0.003484938251153496
numeric__processes_suspicious,0.0032304527979487856
categorical__PEType_PE32+,0.0029725379957770766
numeric__text_PointerToRawData,0.002918512429733443
numeric__Checksum,0.0027846279813985592
"categorical__DllCharacteristics_['IMAGE_DLLCHARACTERISTICS_DYNAMIC_BASE', 'IMAGE_DLLCHARACTERISTICS_NX_COMPAT', 'IMAGE_DLLCHARACTERISTICS_TERMINAL_SERVER_AWARE']",0.0026707618041099165
numeric__text_VirtualAddress,0.0026114029536110995
numeric__ImageBase,0.002512500798219246
categorical__DllCharacteristics_['IMAGE_DLLCHARACTERISTICS_TERMINAL_SERVER_AWARE'],0.0024219596634984693
"categorical__DllCharacteristics_['IMAGE_DLLCHARACTERISTICS_DYNAMIC_BASE', 'IMAGE_DLLCHARACTERISTICS_HIGH_ENTROPY_VA', 'IMAGE_DLLCHARACTERISTICS_NX_COMPAT', 'IMAGE_DLLCHARACTERISTICS_TERMINAL_SERVER_AWARE']",0.0023570388117702635
numeric__SizeOfUninitializedData,0.002173970899176569
numeric__SizeOfHeaders,0.0021715160220304656
numeric__BaseOfCode,0.0021695373837631116
categorical__MachineType_AMD AMD64,0.0021130974654220065
numeric__SizeofStackCommit,0.001962083425518735
"categorical__MachineType_Intel 386 or later, and compatibles",0.0019514061922779671
"categorical__DllCharacteristics_['IMAGE_DLLCHARACTERISTICS_DYNAMIC_BASE', 'IMAGE_DLLCHARACTERISTICS_NO_SEH', 'IMAGE_DLLCHARACTERISTICS_NX_COMPAT', 'IMAGE_DLLCHARACTERISTICS_TERMINAL_SERVER_AWARE']",0.001908962106434719
numeric__registry_delete,0.0017774810559888338
numeric__SizeofStackReserve,0.0017485905116611617
numeric__FileAlignment,0.0015031175198226077
"categorical__DllCharacteristics_['IMAGE_DLLCHARACTERISTICS_NX_COMPAT', 'IMAGE_DLLCHARACTERISTICS_TERMINAL_SERVER_AWARE']",0.0014778212754404363
numeric__bytes_on_last_page,0.0014484838141412043
numeric__ImageVersion,0.0013530153629312904
numeric__pages_in_file,0.0012185279815954653
numeric__min_extra_paragraphs,0.0012088956055195366
numeric__SectionAlignment,0.001023042602727122
categorical__DllCharacteristics_0,0.0009852727571496433
numeric__over_lay_number,0.0008898686475461297
"categorical__rdata_Characteristics_['IMAGE_SCN_CNT_INITIALIZED_DATA', 'IMAGE_SCN_MEM_READ']",0.0007691477996125809
categorical__Magic_PE32,0.0007612137276830512
"categorical__rdata_Characteristics_['IMAGE_SCN_ALIGN_1024BYTES', 'IMAGE_SCN_ALIGN_16BYTES', 'IMAGE_SCN_ALIGN_1BYTES', 'IMAGE_SCN_ALIGN_256BYTES', 'IMAGE_SCN_ALIGN_2BYTES', 'IMAGE_SCN_ALIGN_32BYTES', 'IMAGE_SCN_ALIGN_4096BYTES', 'IMAGE_SCN_ALIGN_4BYTES', 'IMAGE_SCN_ALIGN_512BYTES', 'IMAGE_SCN_ALIGN_64BYTES', 'IMAGE_SCN_ALIGN_8192BYTES', 'IMAGE_SCN_ALIGN_MASK', 'IMAGE_SCN_CNT_INITIALIZED_DATA', 'IMAGE_SCN_MEM_READ']",0.00048290426203060873
"categorical__DllCharacteristics_['IMAGE_DLLCHARACTERISTICS_NO_SEH', 'IMAGE_DLLCHARACTERISTICS_NX_COMPAT', 'IMAGE_DLLCHARACTERISTICS_TERMINAL_SERVER_AWARE']",0.00046732127926475063
"categorical__text_Characteristics_['IMAGE_SCN_CNT_CODE', 'IMAGE_SCN_MEM_EXECUTE', 'IMAGE_SCN_MEM_READ']",0.00038480289241375087
categorical__magic_number_MZ,0.00032565475407659667
categorical__Subsystem_0,0.0002957383833434201
"categorical__rdata_Characteristics_['IMAGE_SCN_CNT_INITIALIZED_DATA', 'IMAGE_SCN_MEM_READ', 'IMAGE_SCN_MEM_SHARED']",0.0002850994846266431
numeric__SizeofHeapReserve,0.00027888173831213954
categorical__rdata_Characteristics_0,0.0002682063060608617
"categorical__text_Characteristics_['IMAGE_SCN_ALIGN_1024BYTES', 'IMAGE_SCN_ALIGN_16BYTES', 'IMAGE_SCN_ALIGN_1BYTES', 'IMAGE_SCN_ALIGN_2048BYTES', 'IMAGE_SCN_ALIGN_256BYTES', 'IMAGE_SCN_ALIGN_32BYTES', 'IMAGE_SCN_ALIGN_4096BYTES', 'IMAGE_SCN_ALIGN_4BYTES', 'IMAGE_SCN_ALIGN_64BYTES', 'IMAGE_SCN_ALIGN_8192BYTES', 'IMAGE_SCN_ALIGN_8BYTES', 'IMAGE_SCN_ALIGN_MASK', 'IMAGE_SCN_CNT_CODE', 'IMAGE_SCN_CNT_INITIALIZED_DATA', 'IMAGE_SCN_MEM_EXECUTE', 'IMAGE_SCN_MEM_READ']",0.000263136725642802
"categorical__DllCharacteristics_['IMAGE_DLLCHARACTERISTICS_DYNAMIC_BASE', 'IMAGE_DLLCHARACTERISTICS_TERMINAL_SERVER_AWARE']",0.0002492709208036593
numeric__size_of_header,0.0002236653553223717
numeric__init_sp_value,0.00021789800686066477
"categorical__DllCharacteristics_['IMAGE_DLLCHARACTERISTICS_DYNAMIC_BASE', 'IMAGE_DLLCHARACTERISTICS_GUARD_CF', 'IMAGE_DLLCHARACTERISTICS_NX_COMPAT', 'IMAGE_DLLCHARACTERISTICS_TERMINAL_SERVER_AWARE']",0.00021138108842788723
"categorical__text_Characteristics_['IMAGE_SCN_CNT_CODE', 'IMAGE_SCN_MEM_EXECUTE', 'IMAGE_SCN_MEM_READ', 'IMAGE_SCN_MEM_WRITE']",0.00021048664393285373
categorical__magic_number_0,0.00020533413834377865
"categorical__rdata_Characteristics_['IMAGE_SCN_CNT_INITIALIZED_DATA', 'IMAGE_SCN_MEM_READ', 'IMAGE_SCN_MEM_WRITE']",0.00019907733744866244
numeric__oem_identifier,0.000166209096916673
categorical__text_Characteristics_0,0.0001320775143394301
numeric__init_ip_value,0.0001307538979999204
"categorical__rdata_Characteristics_['IMAGE_SCN_ALIGN_1024BYTES', 'IMAGE_SCN_ALIGN_16BYTES', 'IMAGE_SCN_ALIGN_1BYTES', 'IMAGE_SCN_ALIGN_2048BYTES', 'IMAGE_SCN_ALIGN_256BYTES', 'IMAGE_SCN_ALIGN_32BYTES', 'IMAGE_SCN_ALIGN_4096BYTES', 'IMAGE_SCN_ALIGN_4BYTES', 'IMAGE_SCN_ALIGN_64BYTES', 'IMAGE_SCN_ALIGN_8192BYTES', 'IMAGE_SCN_ALIGN_8BYTES', 'IMAGE_SCN_ALIGN_MASK', 'IMAGE_SCN_CNT_INITIALIZED_DATA', 'IMAGE_SCN_MEM_READ']",0.00011625392355618323
"categorical__DllCharacteristics_['IMAGE_DLLCHARACTERISTICS_DYNAMIC_BASE', 'IMAGE_DLLCHARACTERISTICS_HIGH_ENTROPY_VA', 'IMAGE_DLLCHARACTERISTICS_TERMINAL_SERVER_AWARE']",0.00011535515729082019
numeric__SizeofHeapCommit,0.0001145407733172439
categorical__Magic_0,0.00010806942289804826
"categorical__rdata_Characteristics_['IMAGE_SCN_ALIGN_1024BYTES', 'IMAGE_SCN_ALIGN_16BYTES', 'IMAGE_SCN_ALIGN_2048BYTES', 'IMAGE_SCN_ALIGN_2BYTES', 'IMAGE_SCN_ALIGN_32BYTES', 'IMAGE_SCN_ALIGN_4096BYTES', 'IMAGE_SCN_ALIGN_4BYTES', 'IMAGE_SCN_ALIGN_512BYTES', 'IMAGE_SCN_ALIGN_64BYTES', 'IMAGE_SCN_ALIGN_8192BYTES', 'IMAGE_SCN_ALIGN_8BYTES', 'IMAGE_SCN_ALIGN_MASK', 'IMAGE_SCN_CNT_INITIALIZED_DATA', 'IMAGE_SCN_MEM_READ']",0.00010735546272359444
numeric__max_extra_paragraphs,9.779790169019182e-05
numeric__relocations,9.02716936622134e-05
categorical__DllCharacteristics_['IMAGE_DLLCHARACTERISTICS_DYNAMIC_BASE'],8.478910179436324e-05
"categorical__DllCharacteristics_['IMAGE_DLLCHARACTERISTICS_DYNAMIC_BASE', 'IMAGE_DLLCHARACTERISTICS_HIGH_ENTROPY_VA', 'IMAGE_DLLCHARACTERISTICS_NX_COMPAT']",7.830581294689198e-05
"categorical__DllCharacteristics_['IMAGE_DLLCHARACTERISTICS_DYNAMIC_BASE', 'IMAGE_DLLCHARACTERISTICS_NO_SEH', 'IMAGE_DLLCHARACTERISTICS_TERMINAL_SERVER_AWARE']",7.572708888615889e-05
"categorical__text_Characteristics_['IMAGE_SCN_CNT_INITIALIZED_DATA', 'IMAGE_SCN_MEM_EXECUTE', 'IMAGE_SCN_MEM_READ', 'IMAGE_SCN_MEM_WRITE']",7.462712471236141e-05
numeric__init_ss_value,7.20724965870893e-05
"categorical__text_Characteristics_['IMAGE_SCN_ALIGN_1024BYTES', 'IMAGE_SCN_ALIGN_16BYTES', 'IMAGE_SCN_ALIGN_1BYTES', 'IMAGE_SCN_ALIGN_2048BYTES', 'IMAGE_SCN_ALIGN_256BYTES', 'IMAGE_SCN_ALIGN_32BYTES', 'IMAGE_SCN_ALIGN_4096BYTES', 'IMAGE_SCN_ALIGN_4BYTES', 'IMAGE_SCN_ALIGN_64BYTES', 'IMAGE_SCN_ALIGN_8192BYTES', 'IMAGE_SCN_ALIGN_8BYTES', 'IMAGE_SCN_ALIGN_MASK', 'IMAGE_SCN_CNT_CODE', 'IMAGE_SCN_MEM_EXECUTE', 'IMAGE_SCN_MEM_READ']",7.073884161563436e-05
"categorical__text_Characteristics_['IMAGE_SCN_CNT_CODE', 'IMAGE_SCN_CNT_INITIALIZED_DATA', 'IMAGE_SCN_MEM_EXECUTE', 'IMAGE_SCN_MEM_READ']",6.87469491065619e-05
categorical__DllCharacteristics_['IMAGE_DLLCHARACTERISTICS_NX_COMPAT'],6.77347198255316e-05
"categorical__DllCharacteristics_['IMAGE_DLLCHARACTERISTICS_NO_ISOLATION', 'IMAGE_DLLCHARACTERISTICS_NX_COMPAT', 'IMAGE_DLLCHARACTERISTICS_TERMINAL_SERVER_AWARE']",6.131805213529157e-05
categorical__DllCharacteristics_['IMAGE_DLLCHARACTERISTICS_NO_SEH'],5.8186231390405515e-05
"categorical__DllCharacteristics_['IMAGE_DLLCHARACTERISTICS_DYNAMIC_BASE', 'IMAGE_DLLCHARACTERISTICS_GUARD_CF', 'IMAGE_DLLCHARACTERISTICS_HIGH_ENTROPY_VA', 'IMAGE_DLLCHARACTERISTICS_NX_COMPAT', 'IMAGE_DLLCHARACTERISTICS_TERMINAL_SERVER_AWARE']",5.419627672075009e-05
numeric__text_PointerToRelocations,5.321002347973653e-05
"categorical__rdata_Characteristics_['IMAGE_SCN_ALIGN_1024BYTES', 'IMAGE_SCN_ALIGN_16BYTES', 'IMAGE_SCN_ALIGN_1BYTES', 'IMAGE_SCN_ALIGN_2048BYTES', 'IMAGE_SCN_ALIGN_256BYTES', 'IMAGE_SCN_ALIGN_2BYTES', 'IMAGE_SCN_ALIGN_32BYTES', 'IMAGE_SCN_ALIGN_4096BYTES', 'IMAGE_SCN_ALIGN_4BYTES', 'IMAGE_SCN_ALIGN_512BYTES', 'IMAGE_SCN_ALIGN_64BYTES', 'IMAGE_SCN_ALIGN_8192BYTES', 'IMAGE_SCN_ALIGN_8BYTES', 'IMAGE_SCN_ALIGN_MASK', 'IMAGE_SCN_CNT_INITIALIZED_DATA', 'IMAGE_SCN_MEM_READ']",4.732706153929933e-05
"categorical__DllCharacteristics_['IMAGE_DLLCHARACTERISTICS_DYNAMIC_BASE', 'IMAGE_DLLCHARACTERISTICS_GUARD_CF', 'IMAGE_DLLCHARACTERISTICS_NO_SEH', 'IMAGE_DLLCHARACTERISTICS_TERMINAL_SERVER_AWARE']",4.5046176216298994e-05
"categorical__text_Characteristics_['IMAGE_SCN_CNT_INITIALIZED_DATA', 'IMAGE_SCN_MEM_READ', 'IMAGE_SCN_MEM_WRITE']",4.418647937034057e-05
"categorical__DllCharacteristics_['IMAGE_DLLCHARACTERISTICS_DYNAMIC_BASE', 'IMAGE_DLLCHARACTERISTICS_NX_COMPAT']",4.046450602332258e-05
numeric__text_PointerToLineNumbers,3.9415483279870144e-05
"categorical__DllCharacteristics_['IMAGE_DLLCHARACTERISTICS_DYNAMIC_BASE', 'IMAGE_DLLCHARACTERISTICS_NO_SEH', 'IMAGE_DLLCHARACTERISTICS_NX_COMPAT']",3.9382661036382916e-05
numeric__init_cs_value,3.785063044723846e-05
"categorical__DllCharacteristics_['IMAGE_DLLCHARACTERISTICS_HIGH_ENTROPY_VA', 'IMAGE_DLLCHARACTERISTICS_NX_COMPAT', 'IMAGE_DLLCHARACTERISTICS_TERMINAL_SERVER_AWARE']",3.7325397011165993e-05
"categorical__text_Characteristics_['IMAGE_SCN_CNT_INITIALIZED_DATA', 'IMAGE_SCN_MEM_EXECUTE', 'IMAGE_SCN_MEM_READ']",3.711623996325178e-05
"categorical__rdata_Characteristics_['IMAGE_SCN_CNT_INITIALIZED_DATA', 'IMAGE_SCN_MEM_EXECUTE', 'IMAGE_SCN_MEM_READ', 'IMAGE_SCN_MEM_WRITE']",3.548476255478667e-05
"categorical__DllCharacteristics_['IMAGE_DLLCHARACTERISTICS_NO_SEH', 'IMAGE_DLLCHARACTERISTICS_TERMINAL_SERVER_AWARE']",3.140574937691752e-05
"categorical__text_Characteristics_['IMAGE_SCN_ALIGN_1024BYTES', 'IMAGE_SCN_ALIGN_16BYTES', 'IMAGE_SCN_ALIGN_1BYTES', 'IMAGE_SCN_ALIGN_256BYTES', 'IMAGE_SCN_ALIGN_2BYTES', 'IMAGE_SCN_ALIGN_32BYTES', 'IMAGE_SCN_ALIGN_4096BYTES', 'IMAGE_SCN_ALIGN_4BYTES', 'IMAGE_SCN_ALIGN_512BYTES', 'IMAGE_SCN_ALIGN_64BYTES', 'IMAGE_SCN_ALIGN_8192BYTES', 'IMAGE_SCN_ALIGN_MASK', 'IMAGE_SCN_CNT_CODE', 'IMAGE_SCN_MEM_EXECUTE', 'IMAGE_SCN_MEM_READ']",2.511207392986481e-05
"categorical__text_Characteristics_['IMAGE_SCN_CNT_CODE', 'IMAGE_SCN_CNT_INITIALIZED_DATA', 'IMAGE_SCN_MEM_EXECUTE', 'IMAGE_SCN_MEM_READ', 'IMAGE_SCN_MEM_WRITE']",2.1952605078008127e-05
"categorical__DllCharacteristics_['IMAGE_DLLCHARACTERISTICS_DYNAMIC_BASE', 'IMAGE_DLLCHARACTERISTICS_HIGH_ENTROPY_VA']",1.774374743482385e-05
"categorical__rdata_Characteristics_['IMAGE_SCN_CNT_CODE', 'IMAGE_SCN_CNT_INITIALIZED_DATA', 'IMAGE_SCN_MEM_EXECUTE', 'IMAGE_SCN_MEM_READ', 'IMAGE_SCN_MEM_WRITE']",1.3064885146726549e-05
"categorical__DllCharacteristics_['IMAGE_DLLCHARACTERISTICS_DYNAMIC_BASE', 'IMAGE_DLLCHARACTERISTICS_NO_ISOLATION', 'IMAGE_DLLCHARACTERISTICS_NO_SEH', 'IMAGE_DLLCHARACTERISTICS_NX_COMPAT', 'IMAGE_DLLCHARACTERISTICS_TERMINAL_SERVER_AWARE']",9.567937522245196e-06
categorical__rdata_Characteristics_['IMAGE_SCN_MEM_READ'],7.854658639015709e-06
"categorical__rdata_Characteristics_['IMAGE_SCN_CNT_CODE', 'IMAGE_SCN_CNT_INITIALIZED_DATA', 'IMAGE_SCN_CNT_UNINITIALIZED_DATA', 'IMAGE_SCN_MEM_READ', 'IMAGE_SCN_TYPE_COPY', 'IMAGE_SCN_TYPE_DSECT', 'IMAGE_SCN_TYPE_GROUP', 'IMAGE_SCN_TYPE_NOLOAD', 'IMAGE_SCN_TYPE_NO_PAD']",7.726860902734321e-06
numeric__rdata_PointerToLineNumbers,7.210492287845835e-06
"categorical__rdata_Characteristics_['IMAGE_SCN_CNT_INITIALIZED_DATA', 'IMAGE_SCN_LNK_COMDAT', 'IMAGE_SCN_MEM_READ']",6.71782514001169e-06
"categorical__rdata_Characteristics_['IMAGE_SCN_CNT_CODE', 'IMAGE_SCN_CNT_INITIALIZED_DATA', 'IMAGE_SCN_CNT_UNINITIALIZED_DATA', 'IMAGE_SCN_GPREL', 'IMAGE_SCN_MEM_READ', 'IMAGE_SCN_NO_DEFER_SPEC_EXC']",5.984590244473354e-06
"categorical__DllCharacteristics_['IMAGE_DLLCHARACTERISTICS_GUARD_CF', 'IMAGE_DLLCHARACTERISTICS_NX_COMPAT', 'IMAGE_DLLCHARACTERISTICS_TERMINAL_SERVER_AWARE', 'IMAGE_LIBRARY_THREAD_INIT']",5.634001166634888e-06
"categorical__rdata_Characteristics_['IMAGE_SCN_CNT_CODE', 'IMAGE_SCN_MEM_READ']",5.577440704258664e-06
"categorical__text_Characteristics_['IMAGE_SCN_CNT_INITIALIZED_DATA', 'IMAGE_SCN_CNT_UNINITIALIZED_DATA', 'IMAGE_SCN_GPREL', 'IMAGE_SCN_LNK_COMDAT', 'IMAGE_SCN_LNK_INFO', 'IMAGE_SCN_LNK_REMOVE', 'IMAGE_SCN_MEM_EXECUTE', 'IMAGE_SCN_MEM_READ', 'IMAGE_SCN_NO_DEFER_SPEC_EXC', 'IMAGE_SCN_TYPE_DSECT', 'IMAGE_SCN_TYPE_NOLOAD', 'IMAGE_SCN_TYPE_OVER']",5.072323424981764e-06
"categorical__DllCharacteristics_['IMAGE_DLLCHARACTERISTICS_DYNAMIC_BASE', 'IMAGE_DLLCHARACTERISTICS_GUARD_CF', 'IMAGE_DLLCHARACTERISTICS_NX_COMPAT', 'IMAGE_DLLCHARACTERISTICS_TERMINAL_SERVER_AWARE', 'IMAGE_LIBRARY_PROCESS_TERM']",4.985432543600218e-06
"categorical__rdata_Characteristics_['IMAGE_SCN_CNT_INITIALIZED_DATA', 'IMAGE_SCN_MEM_NOT_PAGED', 'IMAGE_SCN_MEM_READ']",4.655650159006059e-06
numeric__rdata_PointerToRelocations,4.397257564821423e-06
categorical__text_Characteristics_['IMAGE_SCN_MEM_READ'],4.28115067286263e-06
"categorical__DllCharacteristics_['IMAGE_DLLCHARACTERISTICS_DYNAMIC_BASE', 'IMAGE_DLLCHARACTERISTICS_NX_COMPAT', 'IMAGE_DLLCHARACTERISTICS_TERMINAL_SERVER_AWARE', 'IMAGE_LIBRARY_PROCESS_INIT']",4.273307474344093e-06
"categorical__text_Characteristics_['IMAGE_SCN_ALIGN_1024BYTES', 'IMAGE_SCN_ALIGN_16BYTES', 'IMAGE_SCN_ALIGN_1BYTES', 'IMAGE_SCN_ALIGN_2048BYTES', 'IMAGE_SCN_ALIGN_256BYTES', 'IMAGE_SCN_ALIGN_2BYTES', 'IMAGE_SCN_ALIGN_32BYTES', 'IMAGE_SCN_ALIGN_4096BYTES', 'IMAGE_SCN_ALIGN_4BYTES', 'IMAGE_SCN_ALIGN_512BYTES', 'IMAGE_SCN_ALIGN_64BYTES', 'IMAGE_SCN_ALIGN_8192BYTES', 'IMAGE_SCN_ALIGN_8BYTES', 'IMAGE_SCN_ALIGN_MASK', 'IMAGE_SCN_CNT_CODE', 'IMAGE_SCN_CNT_INITIALIZED_DATA', 'IMAGE_SCN_MEM_EXECUTE', 'IMAGE_SCN_MEM_READ']",3.8920811103082106e-06
"categorical__DllCharacteristics_['IMAGE_DLLCHARACTERISTICS_DYNAMIC_BASE', 'IMAGE_DLLCHARACTERISTICS_HIGH_ENTROPY_VA', 'IMAGE_DLLCHARACTERISTICS_NO_SEH', 'IMAGE_DLLCHARACTERISTICS_TERMINAL_SERVER_AWARE']",3.3955523079894925e-06
"categorical__DllCharacteristics_['IMAGE_DLLCHARACTERISTICS_HIGH_ENTROPY_VA', 'IMAGE_DLLCHARACTERISTICS_TERMINAL_SERVER_AWARE']",3.3700420367383264e-06
"categorical__text_Characteristics_['IMAGE_SCN_CNT_CODE', 'IMAGE_SCN_CNT_UNINITIALIZED_DATA', 'IMAGE_SCN_GPREL', 'IMAGE_SCN_LNK_INFO', 'IMAGE_SCN_LNK_REMOVE', 'IMAGE_SCN_MEM_EXECUTE', 'IMAGE_SCN_MEM_READ', 'IMAGE_SCN_TYPE_NOLOAD', 'IMAGE_SCN_TYPE_NO_PAD', 'IMAGE_SCN_TYPE_OVER']",3.0077797723690295e-06
"categorical__DllCharacteristics_['IMAGE_DLLCHARACTERISTICS_NX_COMPAT', 'IMAGE_DLLCHARACTERISTICS_TERMINAL_SERVER_AWARE', 'IMAGE_LIBRARY_PROCESS_INIT']",1.981858044328496e-06
"categorical__DllCharacteristics_['IMAGE_DLLCHARACTERISTICS_NO_SEH', 'IMAGE_DLLCHARACTERISTICS_NX_COMPAT']",1.8005466931779934e-06
"categorical__DllCharacteristics_['IMAGE_DLLCHARACTERISTICS_NO_ISOLATION', 'IMAGE_DLLCHARACTERISTICS_TERMINAL_SERVER_AWARE']",1.6958291089702687e-06
"categorical__text_Characteristics_['IMAGE_SCN_CNT_CODE', 'IMAGE_SCN_MEM_EXECUTE', 'IMAGE_SCN_MEM_READ', 'IMAGE_SCN_TYPE_DSECT']",1.6644670646008992e-06
"categorical__DllCharacteristics_['IMAGE_DLLCHARACTERISTICS_NO_ISOLATION', 'IMAGE_DLLCHARACTERISTICS_NO_SEH', 'IMAGE_DLLCHARACTERISTICS_NX_COMPAT', 'IMAGE_DLLCHARACTERISTICS_TERMINAL_SERVER_AWARE']",1.5451020209196666e-06
"categorical__text_Characteristics_['IMAGE_SCN_ALIGN_1024BYTES', 'IMAGE_SCN_ALIGN_16BYTES', 'IMAGE_SCN_ALIGN_1BYTES', 'IMAGE_SCN_ALIGN_256BYTES', 'IMAGE_SCN_ALIGN_2BYTES', 'IMAGE_SCN_ALIGN_32BYTES', 'IMAGE_SCN_ALIGN_4096BYTES', 'IMAGE_SCN_ALIGN_4BYTES', 'IMAGE_SCN_ALIGN_512BYTES', 'IMAGE_SCN_ALIGN_64BYTES', 'IMAGE_SCN_ALIGN_8192BYTES', 'IMAGE_SCN_ALIGN_MASK', 'IMAGE_SCN_CNT_CODE', 'IMAGE_SCN_CNT_INITIALIZED_DATA', 'IMAGE_SCN_MEM_EXECUTE', 'IMAGE_SCN_MEM_READ']",1.4404079824640573e-06
"categorical__text_Characteristics_['IMAGE_SCN_ALIGN_1024BYTES', 'IMAGE_SCN_ALIGN_16BYTES', 'IMAGE_SCN_ALIGN_1BYTES', 'IMAGE_SCN_ALIGN_256BYTES', 'IMAGE_SCN_ALIGN_2BYTES', 'IMAGE_SCN_ALIGN_32BYTES', 'IMAGE_SCN_ALIGN_4096BYTES', 'IMAGE_SCN_ALIGN_4BYTES', 'IMAGE_SCN_ALIGN_512BYTES', 'IMAGE_SCN_ALIGN_64BYTES', 'IMAGE_SCN_ALIGN_8192BYTES', 'IMAGE_SCN_ALIGN_MASK', 'IMAGE_SCN_CNT_CODE', 'IMAGE_SCN_MEM_EXECUTE', 'IMAGE_SCN_MEM_READ', 'IMAGE_SCN_MEM_WRITE']",1.3177967902151734e-06
"categorical__text_Characteristics_['IMAGE_SCN_CNT_CODE', 'IMAGE_SCN_MEM_EXECUTE', 'IMAGE_SCN_MEM_LOCKED', 'IMAGE_SCN_MEM_READ', 'IMAGE_SCN_MEM_WRITE']",9.027866077160958e-07
"categorical__rdata_Characteristics_['IMAGE_SCN_ALIGN_1024BYTES', 'IMAGE_SCN_ALIGN_128BYTES', 'IMAGE_SCN_ALIGN_16BYTES', 'IMAGE_SCN_ALIGN_1BYTES', 'IMAGE_SCN_ALIGN_2048BYTES', 'IMAGE_SCN_ALIGN_256BYTES', 'IMAGE_SCN_ALIGN_32BYTES', 'IMAGE_SCN_ALIGN_4096BYTES', 'IMAGE_SCN_ALIGN_4BYTES', 'IMAGE_SCN_ALIGN_512BYTES', 'IMAGE_SCN_ALIGN_64BYTES', 'IMAGE_SCN_ALIGN_8192BYTES', 'IMAGE_SCN_ALIGN_8BYTES', 'IMAGE_SCN_ALIGN_MASK', 'IMAGE_SCN_CNT_INITIALIZED_DATA', 'IMAGE_SCN_MEM_READ']",9.003753920175126e-07
"categorical__rdata_Characteristics_['IMAGE_SCN_CNT_CODE', 'IMAGE_SCN_CNT_INITIALIZED_DATA', 'IMAGE_SCN_CNT_UNINITIALIZED_DATA', 'IMAGE_SCN_MEM_EXECUTE', 'IMAGE_SCN_MEM_READ', 'IMAGE_SCN_MEM_WRITE']",8.30354117432302e-07
"categorical__DllCharacteristics_['IMAGE_DLLCHARACTERISTICS_DYNAMIC_BASE', 'IMAGE_DLLCHARACTERISTICS_NO_ISOLATION', 'IMAGE_DLLCHARACTERISTICS_NX_COMPAT', 'IMAGE_DLLCHARACTERISTICS_TERMINAL_SERVER_AWARE']",6.785115117489564e-07
"categorical__rdata_Characteristics_['IMAGE_SCN_ALIGN_1024BYTES', 'IMAGE_SCN_ALIGN_128BYTES', 'IMAGE_SCN_ALIGN_16BYTES', 'IMAGE_SCN_ALIGN_2048BYTES', 'IMAGE_SCN_ALIGN_256BYTES', 'IMAGE_SCN_ALIGN_32BYTES', 'IMAGE_SCN_ALIGN_4096BYTES', 'IMAGE_SCN_ALIGN_512BYTES', 'IMAGE_SCN_ALIGN_64BYTES', 'IMAGE_SCN_ALIGN_8192BYTES', 'IMAGE_SCN_ALIGN_8BYTES', 'IMAGE_SCN_ALIGN_MASK', 'IMAGE_SCN_CNT_INITIALIZED_DATA', 'IMAGE_SCN_GPREL', 'IMAGE_SCN_LNK_INFO', 'IMAGE_SCN_LNK_REMOVE', 'IMAGE_SCN_MEM_PURGEABLE', 'IMAGE_SCN_MEM_READ', 'IMAGE_SCN_NO_DEFER_SPEC_EXC']",5.987528030136742e-07
"categorical__DllCharacteristics_['IMAGE_DLLCHARACTERISTICS_DYNAMIC_BASE', 'IMAGE_DLLCHARACTERISTICS_GUARD_CF', 'IMAGE_DLLCHARACTERISTICS_HIGH_ENTROPY_VA', 'IMAGE_DLLCHARACTERISTICS_NX_COMPAT']",3.561811916181708e-07
"categorical__DllCharacteristics_['IMAGE_DLLCHARACTERISTICS_DYNAMIC_BASE', 'IMAGE_DLLCHARACTERISTICS_HIGH_ENTROPY_VA', 'IMAGE_DLLCHARACTERISTICS_NO_SEH', 'IMAGE_DLLCHARACTERISTICS_NX_COMPAT']",2.400925069426189e-07
"categorical__rdata_Characteristics_['IMAGE_SCN_LNK_COMDAT', 'IMAGE_SCN_MEM_READ']",1.612009191310025e-07
"categorical__text_Characteristics_['IMAGE_SCN_MEM_EXECUTE', 'IMAGE_SCN_MEM_READ', 'IMAGE_SCN_MEM_WRITE']",1.0458309661145307e-07
"categorical__text_Characteristics_['IMAGE_SCN_CNT_CODE', 'IMAGE_SCN_CNT_INITIALIZED_DATA', 'IMAGE_SCN_CNT_UNINITIALIZED_DATA', 'IMAGE_SCN_MEM_EXECUTE', 'IMAGE_SCN_MEM_READ', 'IMAGE_SCN_MEM_WRITE']",8.315795827732666e-08
categorical__DllCharacteristics_['IMAGE_DLLCHARACTERISTICS_HIGH_ENTROPY_VA'],7.088038946272892e-08
"categorical__text_Characteristics_['IMAGE_SCN_ALIGN_1024BYTES', 'IMAGE_SCN_ALIGN_128BYTES', 'IMAGE_SCN_ALIGN_16BYTES', 'IMAGE_SCN_ALIGN_1BYTES', 'IMAGE_SCN_ALIGN_2048BYTES', 'IMAGE_SCN_ALIGN_256BYTES', 'IMAGE_SCN_ALIGN_32BYTES', 'IMAGE_SCN_ALIGN_4096BYTES', 'IMAGE_SCN_ALIGN_4BYTES', 'IMAGE_SCN_ALIGN_512BYTES', 'IMAGE_SCN_ALIGN_64BYTES', 'IMAGE_SCN_ALIGN_8192BYTES', 'IMAGE_SCN_ALIGN_8BYTES', 'IMAGE_SCN_ALIGN_MASK', 'IMAGE_SCN_CNT_CODE', 'IMAGE_SCN_CNT_INITIALIZED_DATA', 'IMAGE_SCN_MEM_EXECUTE', 'IMAGE_SCN_MEM_READ']",5.7859850828620286e-08
"categorical__text_Characteristics_['IMAGE_SCN_CNT_CODE', 'IMAGE_SCN_CNT_INITIALIZED_DATA', 'IMAGE_SCN_MEM_EXECUTE', 'IMAGE_SCN_MEM_NOT_PAGED', 'IMAGE_SCN_MEM_READ', 'IMAGE_SCN_MEM_WRITE']",3.511494855013493e-08
categorical__Subsystem_IMAGE_SUBSYSTEM_NATIVE,2.8858326285365315e-08
"categorical__DllCharacteristics_['IMAGE_DLLCHARACTERISTICS_NX_COMPAT', 'IMAGE_DLLCHARACTERISTICS_TERMINAL_SERVER_AWARE', 'IMAGE_LIBRARY_PROCESS_TERM']",2.4306397505843113e-08
"categorical__text_Characteristics_['IMAGE_SCN_CNT_INITIALIZED_DATA', 'IMAGE_SCN_MEM_EXECUTE', 'IMAGE_SCN_MEM_READ', 'IMAGE_SCN_MEM_SHARED', 'IMAGE_SCN_MEM_WRITE']",1.982022538127158e-08
"categorical__DllCharacteristics_['IMAGE_DLLCHARACTERISTICS_APPCONTAINER', 'IMAGE_DLLCHARACTERISTICS_DYNAMIC_BASE', 'IMAGE_DLLCHARACTERISTICS_NO_SEH', 'IMAGE_DLLCHARACTERISTICS_NX_COMPAT', 'IMAGE_DLLCHARACTERISTICS_TERMINAL_SERVER_AWARE']",1.8958105658569123e-08
"categorical__rdata_Characteristics_['IMAGE_SCN_ALIGN_1024BYTES', 'IMAGE_SCN_ALIGN_128BYTES', 'IMAGE_SCN_ALIGN_2048BYTES', 'IMAGE_SCN_ALIGN_256BYTES', 'IMAGE_SCN_ALIGN_4096BYTES', 'IMAGE_SCN_ALIGN_512BYTES', 'IMAGE_SCN_ALIGN_8192BYTES', 'IMAGE_SCN_ALIGN_MASK', 'IMAGE_SCN_CNT_INITIALIZED_DATA', 'IMAGE_SCN_MEM_READ']",1.8861754417683227e-08
"categorical__DllCharacteristics_['IMAGE_DLLCHARACTERISTICS_DYNAMIC_BASE', 'IMAGE_DLLCHARACTERISTICS_FORCE_INTEGRITY', 'IMAGE_DLLCHARACTERISTICS_NO_SEH', 'IMAGE_DLLCHARACTERISTICS_NX_COMPAT', 'IMAGE_DLLCHARACTERISTICS_TERMINAL_SERVER_AWARE']",1.2534812492395533e-08
"categorical__text_Characteristics_['IMAGE_SCN_CNT_CODE', 'IMAGE_SCN_CNT_INITIALIZED_DATA', 'IMAGE_SCN_CNT_UNINITIALIZED_DATA', 'IMAGE_SCN_LNK_COMDAT', 'IMAGE_SCN_LNK_REMOVE', 'IMAGE_SCN_MEM_EXECUTE', 'IMAGE_SCN_MEM_READ', 'IMAGE_SCN_NO_DEFER_SPEC_EXC', 'IMAGE_SCN_TYPE_DSECT', 'IMAGE_SCN_TYPE_NO_PAD']",1.2465456231791852e-08
"categorical__DllCharacteristics_['IMAGE_DLLCHARACTERISTICS_DYNAMIC_BASE', 'IMAGE_DLLCHARACTERISTICS_HIGH_ENTROPY_VA', 'IMAGE_DLLCHARACTERISTICS_NO_BIND', 'IMAGE_DLLCHARACTERISTICS_NO_SEH', 'IMAGE_DLLCHARACTERISTICS_NX_COMPAT']",7.233084184143292e-09
"categorical__text_Characteristics_['IMAGE_SCN_ALIGN_1024BYTES', 'IMAGE_SCN_ALIGN_128BYTES', 'IMAGE_SCN_ALIGN_16BYTES', 'IMAGE_SCN_ALIGN_1BYTES', 'IMAGE_SCN_ALIGN_2048BYTES', 'IMAGE_SCN_ALIGN_256BYTES', 'IMAGE_SCN_ALIGN_2BYTES', 'IMAGE_SCN_ALIGN_32BYTES', 'IMAGE_SCN_ALIGN_4096BYTES', 'IMAGE_SCN_ALIGN_4BYTES', 'IMAGE_SCN_ALIGN_512BYTES', 'IMAGE_SCN_ALIGN_64BYTES', 'IMAGE_SCN_ALIGN_8192BYTES', 'IMAGE_SCN_ALIGN_MASK', 'IMAGE_SCN_CNT_CODE', 'IMAGE_SCN_GPREL', 'IMAGE_SCN_LNK_COMDAT', 'IMAGE_SCN_LNK_INFO', 'IMAGE_SCN_LNK_OTHER', 'IMAGE_SCN_LNK_REMOVE', 'IMAGE_SCN_MEM_EXECUTE', 'IMAGE_SCN_MEM_READ', 'IMAGE_SCN_TYPE_OVER']",6.56186638318316e-09
"categorical__rdata_Characteristics_['IMAGE_SCN_CNT_UNINITIALIZED_DATA', 'IMAGE_SCN_LNK_INFO', 'IMAGE_SCN_LNK_REMOVE', 'IMAGE_SCN_MEM_READ', 'IMAGE_SCN_NO_DEFER_SPEC_EXC', 'IMAGE_SCN_TYPE_COPY', 'IMAGE_SCN_TYPE_DSECT', 'IMAGE_SCN_TYPE_NOLOAD', 'IMAGE_SCN_TYPE_NO_PAD', 'IMAGE_SCN_TYPE_OVER']",6.40394806111855e-10
"categorical__text_Characteristics_['IMAGE_SCN_CNT_CODE', 'IMAGE_SCN_MEM_EXECUTE', 'IMAGE_SCN_MEM_NOT_PAGED', 'IMAGE_SCN_MEM_READ']",3.833630962680323e-10
categorical__MachineType_Unknown (0),0.0
categorical__file_extension_exe,0.0
numeric__network_threats,0.0
numeric__LoaderFlags,0.0
"categorical__text_Characteristics_['IMAGE_SCN_ALIGN_1024BYTES', 'IMAGE_SCN_ALIGN_16BYTES', 'IMAGE_SCN_ALIGN_1BYTES', 'IMAGE_SCN_ALIGN_2048BYTES', 'IMAGE_SCN_ALIGN_256BYTES', 'IMAGE_SCN_ALIGN_2BYTES', 'IMAGE_SCN_ALIGN_32BYTES', 'IMAGE_SCN_ALIGN_4096BYTES', 'IMAGE_SCN_ALIGN_4BYTES', 'IMAGE_SCN_ALIGN_512BYTES', 'IMAGE_SCN_ALIGN_64BYTES', 'IMAGE_SCN_ALIGN_8192BYTES', 'IMAGE_SCN_ALIGN_8BYTES', 'IMAGE_SCN_ALIGN_MASK', 'IMAGE_SCN_CNT_CODE', 'IMAGE_SCN_CNT_INITIALIZED_DATA', 'IMAGE_SCN_MEM_EXECUTE', 'IMAGE_SCN_MEM_READ', 'IMAGE_SCN_MEM_WRITE']",0.0
"categorical__DllCharacteristics_['IMAGE_DLLCHARACTERISTICS_GUARD_CF', 'IMAGE_DLLCHARACTERISTICS_NX_COMPAT', 'IMAGE_DLLCHARACTERISTICS_TERMINAL_SERVER_AWARE']",0.0
"categorical__DllCharacteristics_['IMAGE_DLLCHARACTERISTICS_GUARD_CF', 'IMAGE_DLLCHARACTERISTICS_TERMINAL_SERVER_AWARE']",0.0
"categorical__DllCharacteristics_['IMAGE_DLLCHARACTERISTICS_NO_BIND', 'IMAGE_DLLCHARACTERISTICS_NX_COMPAT', 'IMAGE_DLLCHARACTERISTICS_TERMINAL_SERVER_AWARE']",0.0
"categorical__DllCharacteristics_['IMAGE_DLLCHARACTERISTICS_APPCONTAINER', 'IMAGE_DLLCHARACTERISTICS_DYNAMIC_BASE', 'IMAGE_DLLCHARACTERISTICS_HIGH_ENTROPY_VA', 'IMAGE_DLLCHARACTERISTICS_NX_COMPAT', 'IMAGE_DLLCHARACTERISTICS_TERMINAL_SERVER_AWARE']",0.0
"categorical__DllCharacteristics_['IMAGE_DLLCHARACTERISTICS_DYNAMIC_BASE', 'IMAGE_DLLCHARACTERISTICS_GUARD_CF', 'IMAGE_DLLCHARACTERISTICS_TERMINAL_SERVER_AWARE']",0.0
categorical__Subsystem_IMAGE_SUBSYSTEM_UNKNOWN,0.0
"categorical__DllCharacteristics_['IMAGE_DLLCHARACTERISTICS_APPCONTAINER', 'IMAGE_DLLCHARACTERISTICS_DYNAMIC_BASE', 'IMAGE_DLLCHARACTERISTICS_GUARD_CF', 'IMAGE_DLLCHARACTERISTICS_HIGH_ENTROPY_VA', 'IMAGE_DLLCHARACTERISTICS_NX_COMPAT', 'IMAGE_DLLCHARACTERISTICS_TERMINAL_SERVER_AWARE']",0.0
"categorical__DllCharacteristics_['IMAGE_DLLCHARACTERISTICS_DYNAMIC_BASE', 'IMAGE_DLLCHARACTERISTICS_FORCE_INTEGRITY', 'IMAGE_DLLCHARACTERISTICS_HIGH_ENTROPY_VA', 'IMAGE_DLLCHARACTERISTICS_NX_COMPAT', 'IMAGE_DLLCHARACTERISTICS_TERMINAL_SERVER_AWARE']",0.0
"categorical__DllCharacteristics_['IMAGE_DLLCHARACTERISTICS_DYNAMIC_BASE', 'IMAGE_DLLCHARACTERISTICS_FORCE_INTEGRITY', 'IMAGE_DLLCHARACTERISTICS_HIGH_ENTROPY_VA', 'IMAGE_DLLCHARACTERISTICS_NX_COMPAT']",0.0
"categorical__DllCharacteristics_['IMAGE_DLLCHARACTERISTICS_DYNAMIC_BASE', 'IMAGE_DLLCHARACTERISTICS_FORCE_INTEGRITY', 'IMAGE_DLLCHARACTERISTICS_GUARD_CF', 'IMAGE_DLLCHARACTERISTICS_HIGH_ENTROPY_VA', 'IMAGE_DLLCHARACTERISTICS_NX_COMPAT', 'IMAGE_DLLCHARACTERISTICS_TERMINAL_SERVER_AWARE']",0.0
"categorical__DllCharacteristics_['IMAGE_DLLCHARACTERISTICS_DYNAMIC_BASE', 'IMAGE_DLLCHARACTERISTICS_FORCE_INTEGRITY', 'IMAGE_DLLCHARACTERISTICS_GUARD_CF', 'IMAGE_DLLCHARACTERISTICS_NX_COMPAT', 'IMAGE_DLLCHARACTERISTICS_TERMINAL_SERVER_AWARE']",0.0
"categorical__DllCharacteristics_['IMAGE_DLLCHARACTERISTICS_DYNAMIC_BASE', 'IMAGE_DLLCHARACTERISTICS_HIGH_ENTROPY_VA', 'IMAGE_DLLCHARACTERISTICS_NO_ISOLATION', 'IMAGE_DLLCHARACTERISTICS_NX_COMPAT', 'IMAGE_DLLCHARACTERISTICS_TERMINAL_SERVER_AWARE']",0.0
"categorical__DllCharacteristics_['IMAGE_DLLCHARACTERISTICS_DYNAMIC_BASE', 'IMAGE_DLLCHARACTERISTICS_NO_BIND', 'IMAGE_DLLCHARACTERISTICS_NX_COMPAT', 'IMAGE_DLLCHARACTERISTICS_TERMINAL_SERVER_AWARE']",0.0
"categorical__text_Characteristics_['IMAGE_SCN_ALIGN_1024BYTES', 'IMAGE_SCN_ALIGN_16BYTES', 'IMAGE_SCN_ALIGN_2048BYTES', 'IMAGE_SCN_ALIGN_2BYTES', 'IMAGE_SCN_ALIGN_32BYTES', 'IMAGE_SCN_ALIGN_4096BYTES', 'IMAGE_SCN_ALIGN_4BYTES', 'IMAGE_SCN_ALIGN_512BYTES', 'IMAGE_SCN_ALIGN_64BYTES', 'IMAGE_SCN_ALIGN_8192BYTES', 'IMAGE_SCN_ALIGN_8BYTES', 'IMAGE_SCN_ALIGN_MASK', 'IMAGE_SCN_CNT_CODE', 'IMAGE_SCN_CNT_INITIALIZED_DATA', 'IMAGE_SCN_MEM_EXECUTE', 'IMAGE_SCN_MEM_READ']",0.0
"categorical__text_Characteristics_['IMAGE_SCN_ALIGN_1024BYTES', 'IMAGE_SCN_ALIGN_16BYTES', 'IMAGE_SCN_ALIGN_1BYTES', 'IMAGE_SCN_ALIGN_256BYTES', 'IMAGE_SCN_ALIGN_2BYTES', 'IMAGE_SCN_ALIGN_32BYTES', 'IMAGE_SCN_ALIGN_4096BYTES', 'IMAGE_SCN_ALIGN_4BYTES', 'IMAGE_SCN_ALIGN_512BYTES', 'IMAGE_SCN_ALIGN_64BYTES', 'IMAGE_SCN_ALIGN_8192BYTES', 'IMAGE_SCN_ALIGN_MASK', 'IMAGE_SCN_CNT_CODE', 'IMAGE_SCN_LNK_INFO', 'IMAGE_SCN_MEM_EXECUTE', 'IMAGE_SCN_MEM_LOCKED', 'IMAGE_SCN_MEM_PRELOAD', 'IMAGE_SCN_MEM_READ', 'IMAGE_SCN_NO_DEFER_SPEC_EXC', 'IMAGE_SCN_TYPE_OVER']",0.0
"categorical__text_Characteristics_['IMAGE_SCN_MEM_EXECUTE', 'IMAGE_SCN_MEM_READ']",0.0
"categorical__text_Characteristics_['IMAGE_SCN_CNT_UNINITIALIZED_DATA', 'IMAGE_SCN_MEM_EXECUTE', 'IMAGE_SCN_MEM_READ', 'IMAGE_SCN_MEM_WRITE']",0.0
"categorical__text_Characteristics_['IMAGE_SCN_CNT_CODE', 'IMAGE_SCN_MEM_EXECUTE', 'IMAGE_SCN_MEM_PURGEABLE', 'IMAGE_SCN_MEM_READ']",0.0
"categorical__text_Characteristics_['IMAGE_SCN_CNT_CODE', 'IMAGE_SCN_MEM_READ', 'IMAGE_SCN_MEM_WRITE']",0.0
"categorical__text_Characteristics_['IMAGE_SCN_ALIGN_1024BYTES', 'IMAGE_SCN_ALIGN_16BYTES', 'IMAGE_SCN_ALIGN_1BYTES', 'IMAGE_SCN_ALIGN_256BYTES', 'IMAGE_SCN_ALIGN_4096BYTES', 'IMAGE_SCN_ALIGN_4BYTES', 'IMAGE_SCN_ALIGN_64BYTES', 'IMAGE_SCN_ALIGN_MASK', 'IMAGE_SCN_CNT_CODE', 'IMAGE_SCN_LNK_COMDAT', 'IMAGE_SCN_LNK_OTHER', 'IMAGE_SCN_MEM_EXECUTE', 'IMAGE_SCN_MEM_LOCKED', 'IMAGE_SCN_MEM_PURGEABLE', 'IMAGE_SCN_MEM_READ']",0.0
"categorical__rdata_Characteristics_['IMAGE_SCN_ALIGN_1024BYTES', 'IMAGE_SCN_ALIGN_128BYTES', 'IMAGE_SCN_ALIGN_16BYTES', 'IMAGE_SCN_ALIGN_1BYTES', 'IMAGE_SCN_ALIGN_2048BYTES', 'IMAGE_SCN_ALIGN_256BYTES', 'IMAGE_SCN_ALIGN_32BYTES', 'IMAGE_SCN_ALIGN_4096BYTES', 'IMAGE_SCN_ALIGN_4BYTES', 'IMAGE_SCN_ALIGN_512BYTES', 'IMAGE_SCN_ALIGN_64BYTES', 'IMAGE_SCN_ALIGN_8192BYTES', 'IMAGE_SCN_ALIGN_8BYTES', 'IMAGE_SCN_ALIGN_MASK', 'IMAGE_SCN_CNT_INITIALIZED_DATA', 'IMAGE_SCN_GPREL', 'IMAGE_SCN_LNK_COMDAT', 'IMAGE_SCN_LNK_INFO', 'IMAGE_SCN_LNK_REMOVE', 'IMAGE_SCN_MEM_LOCKED', 'IMAGE_SCN_MEM_PRELOAD', 'IMAGE_SCN_MEM_PURGEABLE', 'IMAGE_SCN_MEM_READ']",0.0
"categorical__rdata_Characteristics_['IMAGE_SCN_ALIGN_16BYTES', 'IMAGE_SCN_ALIGN_2048BYTES', 'IMAGE_SCN_ALIGN_32BYTES', 'IMAGE_SCN_ALIGN_4096BYTES', 'IMAGE_SCN_ALIGN_64BYTES', 'IMAGE_SCN_ALIGN_8192BYTES', 'IMAGE_SCN_ALIGN_8BYTES', 'IMAGE_SCN_ALIGN_MASK', 'IMAGE_SCN_CNT_INITIALIZED_DATA', 'IMAGE_SCN_MEM_READ']",0.0
"categorical__rdata_Characteristics_['IMAGE_SCN_ALIGN_1024BYTES', 'IMAGE_SCN_ALIGN_16BYTES', 'IMAGE_SCN_ALIGN_1BYTES', 'IMAGE_SCN_ALIGN_2048BYTES', 'IMAGE_SCN_ALIGN_256BYTES', 'IMAGE_SCN_ALIGN_2BYTES', 'IMAGE_SCN_ALIGN_32BYTES', 'IMAGE_SCN_ALIGN_4096BYTES', 'IMAGE_SCN_ALIGN_4BYTES', 'IMAGE_SCN_ALIGN_512BYTES', 'IMAGE_SCN_ALIGN_64BYTES', 'IMAGE_SCN_ALIGN_8192BYTES', 'IMAGE_SCN_ALIGN_8BYTES', 'IMAGE_SCN_ALIGN_MASK', 'IMAGE_SCN_CNT_INITIALIZED_DATA', 'IMAGE_SCN_GPREL', 'IMAGE_SCN_LNK_INFO', 'IMAGE_SCN_LNK_OTHER', 'IMAGE_SCN_LNK_REMOVE', 'IMAGE_SCN_MEM_READ', 'IMAGE_SCN_TYPE_OVER']",0.0
"categorical__rdata_Characteristics_['IMAGE_SCN_CNT_CODE', 'IMAGE_SCN_CNT_UNINITIALIZED_DATA', 'IMAGE_SCN_GPREL', 'IMAGE_SCN_LNK_COMDAT', 'IMAGE_SCN_LNK_OTHER', 'IMAGE_SCN_MEM_READ', 'IMAGE_SCN_TYPE_COPY', 'IMAGE_SCN_TYPE_OVER']",0.0
"categorical__rdata_Characteristics_['IMAGE_SCN_CNT_CODE', 'IMAGE_SCN_CNT_INITIALIZED_DATA', 'IMAGE_SCN_CNT_UNINITIALIZED_DATA', 'IMAGE_SCN_GPREL', 'IMAGE_SCN_LNK_COMDAT', 'IMAGE_SCN_MEM_READ']",0.0
"categorical__rdata_Characteristics_['IMAGE_SCN_CNT_CODE', 'IMAGE_SCN_MEM_EXECUTE', 'IMAGE_SCN_MEM_READ', 'IMAGE_SCN_MEM_WRITE']",0.0
"categorical__rdata_Characteristics_['IMAGE_SCN_CNT_INITIALIZED_DATA', 'IMAGE_SCN_LNK_COMDAT', 'IMAGE_SCN_MEM_READ', 'IMAGE_SCN_TYPE_DSECT']",0.0
"categorical__rdata_Characteristics_['IMAGE_SCN_CNT_INITIALIZED_DATA', 'IMAGE_SCN_MEM_READ', 'IMAGE_SCN_MEM_SHARED', 'IMAGE_SCN_MEM_WRITE']",0.0
"categorical__rdata_Characteristics_['IMAGE_SCN_CNT_UNINITIALIZED_DATA', 'IMAGE_SCN_MEM_READ', 'IMAGE_SCN_MEM_WRITE']",0.0
"categorical__rdata_Characteristics_['IMAGE_SCN_LNK_COMDAT', 'IMAGE_SCN_MEM_EXECUTE', 'IMAGE_SCN_MEM_READ']",0.0
"categorical__rdata_Characteristics_['IMAGE_SCN_MEM_EXECUTE', 'IMAGE_SCN_MEM_READ']",0.0
