model,accuracy,precision_malware,recall_malware,f1_malware,roc_auc,pr_auc,score_type
gradient_boosting,0.9917176809506661,0.9838709677419355,0.9992553983618764,0.9915035094200222,0.9982381915215108,0.9969073106731721,probability
random_forest,0.9945984875765215,0.9903988183161004,0.9985107967237528,0.9944382647385984,0.999118316888749,0.9987622412046647,probability
adaboost,0.9899171768095066,0.9816849816849816,0.9977661950856291,0.9896602658788775,0.9984856131955456,0.9979363631871552,probability
linear_svm,0.9877565718401152,0.9801907556859868,0.9947877885331348,0.9874353288987435,0.9977547716295352,0.9967461430212838,decision_function (not calibrated probability)
extra_trees,0.9863161685271876,0.9801324503311258,0.9918093819806404,0.9859363434492968,0.999010572927863,0.9988941531713592,probability
decision_tree,0.9881166726683471,0.986627043090639,0.9888309754281459,0.9877277798438081,0.988139337086458,0.9810088938265825,probability
gaussian_naive_bayes,0.6341375585163845,0.5709943551888841,0.9791511541325391,0.7213384530992869,0.6537950278888104,0.5755438353227191,probability
bernoulli_naive_bayes,0.965790421317969,0.956140350877193,0.9739389426656738,0.9649575802286979,0.9935937777473152,0.9925442136238183,probability
logistic_regression,0.9751530428519986,0.9825757575757575,0.9657483246463142,0.9740893728877206,0.9938489881414142,0.9906481763787487,probability
rbf_svm,0.8768455167446885,0.8634713144517067,0.885331347728965,0.8742647058823529,0.9562372589520952,0.948356793230897,decision_function (not calibrated probability)
knn,0.8934101548433562,0.9030023094688222,0.8734177215189873,0.8879636638909917,0.9531960233910841,0.9334249625488373,probability
